Date,Open,High,Low,Close,Adj_close,Volume,Likes,RetweetCount,QuoteCount,pos,neg,neu,compound
2019-12-31,156.77000427246094,157.77000427246094,156.4499969482422,157.6999969482422,154.07156372070312,18369400,133,21,4,4.001,0.518,18.481,7.3353
2020-01-02,158.77999877929688,160.72999572753906,158.3300018310547,160.6199951171875,156.92434692382812,22622100,524,130,23,52.516,15.404,256.08,70.5335
2020-01-03,158.32000732421875,159.9499969482422,158.05999755859375,158.6199951171875,154.9704132080078,21116200,371,218,19,26.006,13.252,154.744,31.361
2020-01-06,157.0800018310547,159.10000610351562,156.50999450683594,159.02999877929688,155.37095642089844,20813700,275,94,10,32.429,8.887,162.682,46.5112
2020-01-07,159.32000732421875,159.6699981689453,157.32000732421875,157.5800018310547,153.954345703125,21634100,435,160,24,34.983,11.354,209.667,42.4045
2020-01-08,158.92999267578125,160.8000030517578,157.9499969482422,160.08999633789062,156.4065704345703,27746500,846,275,18,43.909,16.791,240.309,51.9697
2020-01-09,161.83999633789062,162.22000122070312,161.02999877929688,162.08999633789062,158.36053466796875,21385000,1101,383,35,48.978,17.694,317.33,60.642
2020-01-10,162.82000732421875,163.22000122070312,161.17999267578125,161.33999633789062,157.62782287597656,20725900,1310,391,33,41.284,12.702,237.009,51.795
2020-01-13,161.75999450683594,163.30999755859375,161.25999450683594,163.27999877929688,159.523193359375,21626500,602,211,19,47.186,10.334,234.475,62.0051
2020-01-14,163.38999938964844,163.60000610351562,161.72000122070312,162.1300048828125,158.39962768554688,23477400,694,252,24,46.762,18.625,250.613,47.2843
2020-01-15,162.6199951171875,163.94000244140625,162.57000732421875,163.17999267578125,159.42547607421875,21417900,504,171,27,31.07,9.743,181.184,41.3005
2020-01-16,164.35000610351562,166.24000549316406,164.02999877929688,166.1699981689453,162.3466796875,23865400,1146,355,40,67.729,20.753,357.519,72.803
2020-01-17,167.4199981689453,167.47000122070312,165.42999267578125,167.10000610351562,163.2552947998047,34371700,1272,398,40,64.873,20.517,342.607,76.1345
2020-01-21,166.67999267578125,168.19000244140625,166.42999267578125,166.5,162.66908264160156,29517200,426,160,15,36.898,12.662,223.443,40.1807
2020-01-22,167.39999389648438,167.49000549316406,165.67999267578125,165.6999969482422,161.88748168945312,24138800,821,216,27,42.312,19.617,263.081,39.144400000000005
2020-01-23,166.19000244140625,166.8000030517578,165.27000427246094,166.72000122070312,162.88401794433594,19680800,564,150,20,44.266,13.864,235.868,54.822
2020-01-24,167.50999450683594,167.52999877929688,164.4499969482422,165.0399932861328,161.24269104003906,24918100,376,132,12,34.595,11.439,209.962,36.2519
2020-01-27,161.14999389648438,163.3800048828125,160.1999969482422,162.27999877929688,158.54620361328125,32078100,607,203,19,34.119,15.199,237.683,40.0831
2020-01-28,163.77999877929688,165.75999450683594,163.07000732421875,165.4600067138672,161.65304565429688,24899900,688,161,17,46.383,12.65,270.963,55.8493
2020-01-29,167.83999633789062,168.75,165.69000244140625,168.0399932861328,164.17367553710938,34754500,2762,805,117,123.219,40.629,727.149,143.6074
2020-01-30,174.0500030517578,174.0500030517578,170.7899932861328,172.77999877929688,168.80459594726562,51597500,3160,1049,214,120.048,36.753,644.205,154.3438
2020-01-31,172.2100067138672,172.39999389648438,169.5800018310547,170.22999572753906,166.31326293945312,36142700,2933,884,87,55.78,17.064,380.154,78.3562
2020-02-03,170.42999267578125,174.5,170.39999389648438,174.3800048828125,170.3677978515625,30107000,1123,318,18,69.862,17.991,308.146,91.3123
2020-02-04,177.13999938964844,180.63999938964844,176.30999755859375,180.1199951171875,175.97572326660156,36433300,1147,312,39,77.305,25.514,403.179,89.4929
2020-02-05,184.02999877929688,184.1999969482422,178.41000366210938,179.89999389648438,175.7607879638672,39186300,831,205,31,59.257,22.937,369.805,73.3391
2020-02-06,180.97000122070312,183.82000732421875,180.05999755859375,183.6300048828125,179.40499877929688,27751400,964,208,24,48.532,16.183,262.28,59.4258
2020-02-07,182.8500061035156,185.6300048828125,182.47999572753903,183.88999938964844,179.65899658203125,33529100,654,290,32,55.793,16.384,263.827,71.9388
2020-02-10,183.5800018310547,188.83999633789065,183.25,188.6999969482422,184.3583068847656,35844300,1930,335,75,93.76,32.741,552.504,118.0682
2020-02-11,190.6499938964844,190.6999969482422,183.5,184.44000244140625,180.19631958007812,53159900,1852,469,95,99.796,44.779,595.423,109.7327
2020-02-12,185.5800018310547,185.8500061035156,181.8500061035156,184.7100067138672,180.4601287841797,47062900,1664,356,85,85.06,28.88,481.064,110.2202
2020-02-13,183.0800018310547,186.22999572753903,182.8699951171875,183.7100067138672,179.48312377929688,35295800,1074,286,66,78.039,40.478,419.486,68.0313
2020-02-14,183.25,185.41000366210935,182.6499938964844,185.3500061035156,181.0854034423828,23149500,1459,309,64,55.121,18.189,289.69,67.075
2020-02-18,185.61000061035156,187.6999969482422,185.5,187.22999572753903,182.92214965820312,27792200,613,132,34,52.484,23.016,305.501,55.5888
2020-02-19,188.05999755859375,188.17999267578125,186.47000122070312,187.27999877929688,183.47073364257812,29997500,1848,517,77,51.026,17.568,252.414,73.1261
2020-02-20,186.9499969482422,187.25,181.1000061035156,184.4199981689453,180.66893005371097,36862400,885,261,37,39.048,16.459,226.492,50.8966
2020-02-21,183.1699981689453,183.5,177.25,178.58999633789062,174.95748901367188,48572600,1388,353,59,49.527,23.257,272.215,49.2088
2020-02-24,167.77000427246094,174.5500030517578,163.22999572753906,170.88999938964844,167.41412353515625,68311100,1050,234,27,66.277,31.032,420.689,66.8896
2020-02-25,174.1999969482422,174.83999633789062,167.64999389648438,168.07000732421875,164.6514892578125,68073300,630,160,21,60.051,26.337,332.607,63.7959
2020-02-26,169.7100067138672,173.25999450683594,168.2100067138672,170.1699981689453,166.70877075195312,56206100,1463,424,72,62.458,48.983,461.561,34.4718
2020-02-27,163.32000732421875,167.02999877929688,157.97999572753906,158.17999267578125,154.96263122558594,93174900,2527,808,111,80.766,59.558,546.671,49.8421
2020-02-28,152.41000366210938,163.7100067138672,152.0,162.00999450683594,158.7147216796875,97012700,2734,1582,99,79.58,39.296,464.123,75.6788
2020-03-02,165.30999755859375,172.9199981689453,162.30999755859375,172.7899932861328,169.27548217773438,71030800,640,160,27,55.197,22.058,296.757,61.3022
2020-03-03,173.8000030517578,175.0,162.25999450683594,164.50999450683594,161.1638641357422,71677000,536,127,13,53.773,26.978,325.248,47.3826
2020-03-04,168.49000549316406,170.6999969482422,165.6199951171875,170.5500030517578,167.08102416992188,49814400,400,126,20,53.604,15.342,261.049,63.0276
2020-03-05,166.0500030517578,170.8699951171875,165.69000244140625,166.27000427246094,162.88809204101562,47817300,789,183,26,47.81,22.114,290.073,42.7922
2020-03-06,162.61000061035156,163.11000061035156,156.0,161.57000732421875,158.28369140625,72821100,518,137,25,49.959,24.657,293.382,39.6011
2020-03-09,151.0,157.75,150.0,150.6199951171875,147.55642700195312,70419300,1119,188,23,62.558,26.959,333.478,64.0475
2020-03-10,158.16000366210938,161.02999877929688,152.5800018310547,160.9199981689453,157.6468963623047,65354400,534,124,19,49.408,16.855,286.743,59.412
2020-03-11,157.1300048828125,157.6999969482422,151.14999389648438,153.6300048828125,150.5052032470703,56371600,782,145,28,45.62,28.602,298.775,36.2552
2020-03-12,145.3000030517578,153.47000122070312,138.5800018310547,139.05999755859375,136.23153686523438,93226400,882,612,39,57.341,32.428,359.226,45.634
2020-03-13,147.5,161.91000366210938,140.72999572753906,158.8300018310547,155.5994110107422,92727400,2199,665,117,87.009,35.051,458.939,88.1894
2020-03-16,140.0,149.35000610351562,135.0,135.4199981689453,132.6655731201172,87905900,646,155,20,57.387,27.256,365.358,47.4111
2020-03-17,140.0,147.5,135.0,146.57000732421875,143.5887908935547,81059800,843,271,22,48.612,24.746,314.64,41.4576
2020-03-18,138.0,146.0,135.02000427246094,140.39999389648438,137.54429626464844,81593200,1008,202,23,51.473,23.416,283.1,52.9829
2020-03-19,142.77000427246094,150.14999389648438,139.0,142.7100067138672,139.80731201171875,85922700,685,171,31,61.938,21.093,303.968,65.9942
2020-03-20,146.0,147.10000610351562,135.86000061035156,137.35000610351562,134.5563201904297,84866200,1141,322,35,40.79,14.725,229.482,40.7689
2020-03-23,137.00999450683594,140.57000732421875,132.52000427246094,135.97999572753906,133.21417236328125,78975200,698,165,33,52.324,22.879,279.801,52.9093
2020-03-24,143.75,149.60000610351562,141.27000427246094,148.33999633789062,145.32278442382812,82516700,821,165,31,65.853,21.783,328.365,79.9114
2020-03-25,148.91000366210938,154.3300018310547,144.44000244140625,146.9199981689453,143.93165588378906,75638200,531,119,19,43.117,23.216,275.672,42.8711
2020-03-26,148.39999389648438,156.66000366210938,148.3699951171875,156.11000061035156,152.9347381591797,64568100,621,121,20,43.615,12.314,254.072,51.7061
2020-03-27,151.75,154.88999938964844,149.1999969482422,149.6999969482422,146.65512084960938,57042300,606,154,29,36.981,11.257,188.764,40.3602
2020-03-30,152.44000244140625,160.60000610351562,150.00999450683594,160.22999572753906,156.97091674804688,63420300,1426,315,47,88.878,28.025,503.092,99.4083
2020-03-31,159.39999389648438,164.77999877929688,156.55999755859375,157.7100067138672,154.50221252441406,77927200,1213,263,42,68.102,28.168,401.725,80.8436
2020-04-01,153.0,157.75,150.82000732421875,152.11000061035156,149.01609802246094,57969900,1214,266,43,63.969,24.792,353.24,65.7389
2020-04-02,151.86000061035156,155.47999572753906,150.36000061035156,155.25999450683594,152.10202026367188,49630700,778,109,23,49.284,27.393,284.325,43.5338
2020-04-03,155.10000610351562,157.3800048828125,152.19000244140625,153.8300018310547,150.7010955810547,41243300,720,156,30,46.447,25.995,259.559,46.8831
2020-04-06,160.32000732421875,166.5,157.5800018310547,165.27000427246094,161.90843200683594,67111700,1184,244,47,59.732,21.229,336.04,71.2038
2020-04-07,169.58999633789062,170.0,163.25999450683594,163.49000549316406,160.16464233398438,62769000,769,134,21,44.656,19.158,265.177,49.3498
2020-04-08,165.6699981689453,166.6699981689453,163.5,165.1300048828125,161.77127075195312,48318200,578,120,20,51.414,19.768,262.812,65.1888
2020-04-09,166.36000061035156,167.3699951171875,163.3300018310547,165.13999938964844,161.7810821533203,51385100,648,139,19,52.026,17.352,264.619,67.94500000000001
2020-04-13,164.35000610351562,165.57000732421875,162.3000030517578,165.50999450683594,162.1435546875,41905300,864,189,21,67.475,17.446,366.079,91.454
2020-04-14,169.0,173.75,168.0,173.6999969482422,170.1669464111328,52874300,1227,253,44,89.917,18.992,494.088,134.4109
2020-04-15,171.1999969482422,173.57000732421875,169.24000549316406,171.8800048828125,168.38400268554688,40940800,903,162,36,77.035,23.284,408.679,108.4243
2020-04-16,174.3000030517578,177.27999877929688,172.89999389648438,177.0399932861328,173.4390106201172,50479600,1425,210,45,90.369,26.997,506.637,120.7044
2020-04-17,179.5,180.0,175.8699951171875,178.60000610351562,174.96731567382812,52765600,2867,892,142,62.732,20.336,348.94,80.3523
2020-04-20,176.6300048828125,178.75,174.99000549316406,175.05999755859375,171.4993133544922,36669600,827,179,41,58.876,25.409,343.713,63.434
2020-04-21,173.5,173.6699981689453,166.11000061035156,167.82000732421875,164.40658569335938,56203700,1354,246,52,62.656,22.013,359.33,74.351
2020-04-22,171.38999938964844,174.0,170.82000732421875,173.52000427246094,169.99063110351562,34620200,1073,221,21,50.94,14.704,301.36,63.4174
2020-04-23,174.11000061035156,175.05999755859375,170.91000366210938,171.4199981689453,167.93336486816406,32790800,743,132,22,43.801,24.719,336.483,45.4564
2020-04-24,172.05999755859375,174.55999755859375,170.7100067138672,174.5500030517578,170.99966430664062,34277600,1424,306,55,53.36,23.527,338.112,59.8583
2020-04-27,176.58999633789062,176.89999389648438,173.3000030517578,174.0500030517578,170.50982666015625,33194400,1435,327,38,71.625,22.542,427.831,94.6129
2020-04-28,175.58999633789062,175.6699981689453,169.38999938964844,169.80999755859375,166.3560791015625,34392700,1885,396,61,80.207,23.807,427.982,108.671
2020-04-29,173.22000122070312,177.67999267578125,171.8800048828125,177.42999267578125,173.82107543945312,51286600,4631,1154,206,179.465,52.888,1036.649,240.7783
2020-04-30,180.0,180.3999938964844,176.22999572753906,179.2100067138672,175.5648956298828,53875900,2820,549,95,97.18,29.903,615.916,146.6328
2020-05-01,175.8000030517578,178.63999938964844,174.00999450683594,174.57000732421875,171.01927185058594,39370500,1192,185,36,60.38,18.218,359.41,73.4415
2020-05-04,174.49000549316406,179.0,173.8000030517578,178.83999633789062,175.20240783691406,30372900,1101,245,54,66.083,26.193,513.727,82.9764
2020-05-05,180.6199951171875,183.6499938964844,179.89999389648438,180.7599945068359,177.08338928222656,36839200,1526,301,53,82.826,27.211,482.968,100.3609
2020-05-06,182.0800018310547,184.1999969482422,181.6300048828125,182.5399932861328,178.82713317871094,32139300,967,190,29,64.04,25.099,419.856,80.3674
2020-05-07,184.1699981689453,184.5500030517578,182.5800018310547,183.6000061035156,179.8656005859375,28316000,1326,193,35,50.448,19.618,304.933,69.6036
2020-05-08,184.97999572753903,185.0,183.36000061035156,184.67999267578125,180.9236297607422,30877800,775,175,43,46.922,16.756,280.324,51.8761
2020-05-11,183.1499938964844,187.5099945068359,182.8500061035156,186.7400054931641,182.9417266845703,30892700,923,171,39,65.422,18.483,351.095,88.816
2020-05-12,186.8000030517578,187.0399932861328,182.3000030517578,182.5099945068359,178.7977752685547,32038200,1084,183,32,53.296,19.102,418.602,65.3223
2020-05-13,182.5500030517578,184.0500030517578,176.5399932861328,179.75,176.09390258789062,44711500,949,269,33,58.121,22.963,351.915,65.9221
2020-05-14,177.5399932861328,180.69000244140625,175.67999267578125,180.52999877929688,176.85804748535156,41873900,1729,622,51,67.834,21.921,333.241,79.6291
2020-05-15,179.05999755859375,187.05999755859375,177.0,183.16000366210935,179.43453979492188,46610400,1682,418,63,58.047,17.845,312.109,73.4716
2020-05-18,185.75,186.1999969482422,183.9600067138672,184.91000366210935,181.1489715576172,35264500,1415,202,17,59.332,14.139,312.529,74.6443
2020-05-19,185.02999877929688,186.6000061035156,183.4900054931641,183.6300048828125,179.89501953125,26799100,1193,290,50,66.41,20.282,382.31,79.2335
2020-05-20,184.80999755859375,185.8500061035156,183.94000244140625,185.66000366210935,182.39027404785156,31261300,1401,295,30,56.845,18.718,279.436,69.9334
2020-05-21,185.3999938964844,186.6699981689453,183.2899932861328,183.42999267578125,180.1995391845703,29119500,1660,482,57,47.019,16.773,247.21,55.6807
2020-05-22,183.19000244140625,184.4600067138672,182.5399932861328,183.5099945068359,180.27810668945312,20826900,502,193,16,47.577,16.841,234.581,57.3622
2020-05-26,186.33999633789065,186.5,181.1000061035156,181.57000732421875,178.37228393554688,36073600,716,279,32,48.665,14.334,292.0,60.4901
2020-05-27,180.1999969482422,181.9900054931641,176.60000610351562,181.80999755859375,178.60806274414062,39517100,1005,298,52,63.077,22.792,397.129,80.0584
2020-05-28,180.7400054931641,184.1499938964844,180.3800048828125,181.3999938964844,178.20526123046875,33810200,719,223,37,52.805,15.802,289.396,73.6252
2020-05-29,182.72999572753903,184.27000427246097,180.41000366210935,183.25,180.02268981933594,42130400,1199,200,26,40.302,16.187,243.504,52.2678
2020-06-01,182.5399932861328,183.0,181.4600067138672,182.8300018310547,179.610107421875,22622400,896,232,50,53.591,13.953,288.455,78.1575
2020-06-02,184.25,185.0,181.3500061035156,184.91000366210935,181.6534881591797,30794600,949,287,55,63.466,19.836,334.698,65.8025
2020-06-03,184.82000732421875,185.94000244140625,183.5800018310547,185.36000061035156,182.09556579589844,27311000,697,256,44,62.356,17.785,375.857,86.2992
2020-06-04,184.3000030517578,185.83999633789065,182.3000030517578,182.9199981689453,179.69851684570312,28761800,813,226,43,51.414,20.139,300.451,70.7555
2020-06-05,182.6199951171875,187.72999572753903,182.0099945068359,187.1999969482422,183.90313720703125,39893600,2197,557,95,70.038,22.362,371.601,93.2561
2020-06-08,185.94000244140625,188.5500030517578,184.44000244140625,188.36000061035156,185.0427093505859,33211600,1473,419,78,86.872,24.219,524.911,112.4468
2020-06-09,188.0,190.6999969482422,187.2599945068359,189.8000030517578,186.4573211669922,29783900,2186,390,76,102.943,29.261,588.799,141.8875
2020-06-10,191.1300048828125,198.52000427246097,191.0099945068359,196.83999633789065,193.3733673095703,43872300,3340,503,145,130.199,39.388,730.406,173.0274
2020-06-11,193.1300048828125,195.7599945068359,186.07000732421875,186.27000427246097,182.9895172119141,52854700,2413,570,79,72.782,36.428,435.799,73.5825
2020-06-12,190.5399932861328,191.72000122070312,185.17999267578125,187.7400054931641,184.43362426757812,43373600,2482,565,131,61.586,30.672,371.734,59.2171
2020-06-15,184.5800018310547,190.82000732421875,184.0099945068359,188.94000244140625,185.61251831054688,32770200,1620,382,58,63.073,22.724,360.201,73.7378
2020-06-16,192.88999938964844,195.5800018310547,191.4600067138672,193.57000732421875,190.16094970703125,42556700,1808,376,55,66.368,26.664,430.965,74.3922
2020-06-17,195.02999877929688,196.32000732421875,193.69000244140625,194.2400054931641,190.8191680908203,25687800,1732,398,39,58.149,28.085,374.774,57.8983
2020-06-18,194.0,196.4900054931641,194.0,196.32000732421875,192.86251831054688,23061600,1527,362,53,58.339,29.106,364.541,61.884
2020-06-19,198.58999633789065,199.2899932861328,194.3699951171875,195.1499938964844,191.71310424804688,44441100,1187,297,33,68.913,35.783,449.302,74.2974
2020-06-22,195.7899932861328,200.7599945068359,195.22999572753903,200.57000732421875,197.0376739501953,32818900,2838,601,98,110.085,45.942,642.966,115.2063
2020-06-23,202.08999633789065,203.9499969482422,201.42999267578125,201.91000366210935,198.3540802001953,30917400,2679,586,82,91.197,40.259,582.545,104.3019
2020-06-24,201.6000061035156,203.25,196.55999755859375,197.83999633789065,194.3557586669922,36740600,2161,370,62,72.68900000000001,33.446,452.869,74.6112
2020-06-25,197.8000030517578,200.61000061035156,195.47000122070312,200.33999633789065,196.81170654296875,27803900,1732,452,51,66.554,33.889,397.56,63.8813
2020-06-26,199.72999572753903,199.88999938964844,194.8800048828125,196.3300018310547,192.8723602294922,54675800,1828,545,84,58.054,40.064,528.877,44.1797
2020-06-29,195.77999877929688,198.52999877929688,193.5500030517578,198.44000244140625,194.9451904296875,26701600,1585,459,65,72.324,38.714,425.968,71.9532
2020-06-30,197.8800048828125,204.3999938964844,197.7400054931641,203.5099945068359,199.92588806152344,34310300,1817,483,61,82.414,36.733,482.856,98.7887
2020-07-01,203.13999938964844,206.3500061035156,201.77000427246097,204.6999969482422,201.09494018554688,32061200,2056,453,65,79.413,34.053,455.531,88.3418
2020-07-02,205.67999267578125,208.02000427246097,205.0,206.2599945068359,202.62745666503903,29315800,1048,265,51,69.062,26.624,399.315,84.5537
2020-07-06,208.8300018310547,211.1300048828125,208.08999633789065,210.6999969482422,206.98927307128903,31897600,4793,1414,174,129.46,38.327,676.213,160.6748
2020-07-07,210.4499969482422,214.6699981689453,207.9900054931641,208.25,204.5823974609375,33600700,2138,492,56,92.429,39.994,555.576,103.6166
2020-07-08,210.07000732421875,213.2599945068359,208.69000244140625,212.8300018310547,209.08175659179688,33600000,1739,368,63,84.832,34.478,531.687,112.9991
2020-07-09,216.3300018310547,216.3800048828125,211.47000122070312,214.32000732421875,210.54551696777344,33121700,2350,482,77,96.216,40.591,610.202,116.1078
2020-07-10,213.6199951171875,214.0800018310547,211.0800018310547,213.6699981689453,209.90695190429688,26177600,1287,416,44,67.614,32.196,445.185,79.4234
2020-07-13,214.47999572753903,215.8000030517578,206.5,207.07000732421875,203.42318725585935,38135600,2058,388,55,115.099,38.013,639.889,144.802
2020-07-14,206.1300048828125,208.8500061035156,202.02999877929688,208.3500061035156,204.6806640625,37591800,1793,418,43,98.358,32.464,507.174,129.3158
2020-07-15,209.55999755859375,211.3300018310547,205.02999877929688,208.0399932861328,204.37611389160156,32179400,1976,490,70,92.448,35.842,494.704,97.9956
2020-07-16,205.3999938964844,205.6999969482422,202.30999755859375,203.9199981689453,200.3286590576172,29940700,2429,589,91,78.485,34.09,457.426,75.8801
2020-07-17,204.47000122070312,205.0399932861328,201.38999938964844,202.8800048828125,199.30697631835935,31635300,1808,500,80,66.74,27.677,454.585,73.7187
2020-07-20,205.0,212.3000030517578,203.0099945068359,211.6000061035156,207.87342834472656,36884800,4747,889,132,174.075,56.981,950.941,228.6555
2020-07-21,213.66000366210935,213.94000244140625,208.02999877929688,208.75,205.07362365722656,37990400,2928,628,109,132.188,53.543,788.26,164.6462
2020-07-22,209.1999969482422,212.3000030517578,208.38999938964844,211.75,208.0207672119141,49605700,9984,1840,361,301.671,137.765,1729.572,328.286
2020-07-23,207.19000244140625,210.9199981689453,202.1499938964844,202.5399932861328,198.9729766845703,67457000,5112,1050,167,233.474,103.664,1234.854,235.7148
2020-07-24,200.4199981689453,202.86000061035156,197.5099945068359,201.3000030517578,197.7548065185547,39827000,1858,468,53,164.203,72.563,814.241,170.2141
2020-07-27,201.47000122070312,203.97000122070312,200.86000061035156,203.8500061035156,200.25990295410156,30160900,1776,415,55,98.42,32.471000000000004,577.112,126.5034
2020-07-28,203.61000061035156,204.6999969482422,201.7400054931641,202.02000427246097,198.4621429443359,23251400,1551,310,35,66.14,24.408,385.454,91.1454
2020-07-29,202.5,204.6499938964844,202.0099945068359,204.05999755859375,200.46620178222656,19632600,2628,615,93,74.714,23.965,405.319,89.4074
2020-07-30,201.0,204.4600067138672,199.57000732421875,203.8999938964844,200.30902099609375,25079600,1621,312,63,86.155,31.791,461.052,104.7081
2020-07-31,204.3999938964844,205.1000061035156,199.0099945068359,205.0099945068359,201.3994598388672,51044000,3760,881,229,155.359,64.835,946.797,179.0144
2020-08-03,211.52000427246097,217.63999938964844,210.44000244140625,216.5399932861328,212.72640991210935,78983000,7535,1347,315,344.311,108.088,1906.6,441.1304
2020-08-04,214.1699981689453,214.77000427246097,210.30999755859375,213.2899932861328,209.5336456298828,49280100,3508,778,176,173.487,83.75,939.736,169.8793
2020-08-05,214.8999938964844,215.0,211.57000732421875,212.94000244140625,209.1898193359375,28806400,3459,803,146,122.816,42.337,750.845,152.0083
2020-08-06,212.33999633789065,216.3699951171875,211.5500030517578,216.3500061035156,212.5397796630859,32656800,4291,1214,221,159.885,45.798,801.305,205.0189
2020-08-07,214.8500061035156,215.6999969482422,210.92999267578125,212.47999572753903,208.73789978027344,27820400,1554,402,63,111.287,41.656,565.059,132.8006
2020-08-10,211.6699981689453,211.8800048828125,206.3500061035156,208.25,204.5823974609375,36716500,2379,495,74,108.202,48.967,602.834,110.6234
2020-08-11,207.16000366210935,207.6499938964844,203.13999938964844,203.3800048828125,199.79818725585935,36446500,2600,619,148,126.416,43.843,653.746,146.4985
2020-08-12,205.2899932861328,210.27999877929688,204.75,209.19000244140625,205.50584411621097,28013100,2281,508,86,130.939,35.749,628.318,172.4239
2020-08-13,209.44000244140625,211.3500061035156,208.1499938964844,208.6999969482422,205.0244903564453,22588900,1792,339,36,92.688,23.998,518.308,134.2019
2020-08-14,208.7599945068359,209.58999633789065,207.5099945068359,208.8999938964844,205.220947265625,17958900,1711,428,49,76.987,23.18,427.837,95.7266
2020-08-17,209.6000061035156,211.19000244140625,208.9199981689453,210.27999877929688,206.57669067382812,20184800,968,243,32,77.109,22.781,451.117,108.3185
2020-08-18,210.52999877929688,212.36000061035156,209.2100067138672,211.4900054931641,207.76535034179688,21336200,1233,352,49,122.984,30.311,549.711,162.5587
2020-08-19,211.4900054931641,212.1000061035156,209.25,209.6999969482422,206.5048828125,27627600,1879,477,66,119.561,31.928,527.509,158.3688
2020-08-20,209.5399932861328,215.0,208.91000366210935,214.5800018310547,211.31051635742188,26981500,2637,587,77,155.11,32.724,609.164,234.0661
2020-08-21,213.86000061035156,216.25,212.8500061035156,213.02000427246097,209.77427673339844,36249300,2087,377,63,162.546,44.368,668.08,239.16
2020-08-24,214.7899932861328,215.52000427246097,212.42999267578125,213.69000244140625,210.43405151367188,25460100,2502,505,74,105.728,39.366,544.898,123.6262
2020-08-25,213.1000061035156,216.61000061035156,213.1000061035156,216.47000122070312,213.17172241210935,23043700,3591,498,91,124.288,42.834,676.879,140.4682
2020-08-26,217.8800048828125,222.08999633789065,217.36000061035156,221.1499938964844,217.78041076660156,39600800,4297,739,142,168.878,62.027,1035.099,208.2357
2020-08-27,222.88999938964844,231.1499938964844,219.3999938964844,226.5800018310547,223.12765502929688,57602200,8672,1520,344,292.102,109.968,1816.914,344.0326
2020-08-28,228.17999267578125,230.63999938964844,226.5800018310547,228.91000366210935,225.4221649169922,26292900,4132,798,128,142.419,53.363,840.218,188.7893
2020-08-31,227.0,228.6999969482422,224.30999755859375,225.52999877929688,222.0936737060547,28774200,3393,565,132,130.774,58.603,812.63,140.7907
2020-09-01,225.5099945068359,227.4499969482422,224.42999267578125,227.27000427246097,223.80715942382812,25725500,2587,466,73,110.481,33.335,621.198,155.426
2020-09-02,227.97000122070312,232.86000061035156,227.3500061035156,231.6499938964844,228.12042236328125,34080800,2793,449,89,136.934,37.574,704.493,173.4367
2020-09-03,229.27000427246097,229.30999755859375,214.9600067138672,217.3000030517578,213.9890594482422,58400300,4644,953,149,141.71,56.686,731.604,150.8058
2020-09-04,215.1000061035156,218.36000061035156,205.19000244140625,214.25,210.98553466796875,59664100,2818,536,92,160.538,45.371,764.091,212.2038
2020-09-08,206.5,210.02999877929688,202.1999969482422,202.66000366210935,199.5721435546875,52924300,3058,752,96,126.975,49.342,683.675,148.5032
2020-09-09,207.6000061035156,214.83999633789065,206.6999969482422,211.2899932861328,208.0706329345703,45679000,2851,621,76,153.18,49.492,805.325,189.8579
2020-09-10,213.3999938964844,214.7400054931641,204.11000061035156,205.3699951171875,202.24082946777344,35461500,2697,644,173,100.238,39.577,542.184,113.2797
2020-09-11,207.1999969482422,208.6300048828125,201.2400054931641,204.02999877929688,200.92124938964844,33620100,1867,477,63,112.875,40.446,583.689,131.9455
2020-09-14,204.2400054931641,209.1999969482422,204.02999877929688,205.41000366210935,202.2802276611328,30375800,1485,443,68,132.696,49.502,725.811,160.8167
2020-09-15,208.4199981689453,209.77999877929688,206.92999267578125,208.77999877929688,205.5988922119141,21823900,3857,858,149,114.601,31.044,595.352,143.8604
2020-09-16,210.6199951171875,210.6499938964844,204.63999938964844,205.0500030517578,201.92572021484375,26328100,1327,331,46,107.105,33.734,547.158,130.4396
2020-09-17,200.0500030517578,204.3300018310547,199.9600067138672,202.91000366210935,199.81832885742188,34011300,1283,380,65,91.502,34.134,540.361,100.5834
2020-09-18,202.8000030517578,203.6499938964844,196.25,200.38999938964844,197.33673095703125,55225300,1503,323,60,114.218,54.508,632.269,109.2301
2020-09-21,197.19000244140625,202.7100067138672,196.3800048828125,202.5399932861328,199.45394897460935,39839700,2993,803,101,157.862,54.188,831.952,213.0569
2020-09-22,205.05999755859375,208.1000061035156,202.0800018310547,207.4199981689453,204.2595977783203,33517100,2396,560,58,143.613,37.972,721.431,186.6411
2020-09-23,207.8999938964844,208.1000061035156,200.02999877929688,200.58999633789065,197.53367614746097,30803800,1620,434,52,119.825,34.977,538.202,155.3522
2020-09-24,199.8500061035156,205.57000732421875,199.1999969482422,203.19000244140625,200.0940704345703,31202500,1274,263,50,103.216,32.666,497.128,140.0291
2020-09-25,203.5500030517578,209.0399932861328,202.5399932861328,207.82000732421875,204.6534881591797,29437300,1060,184,31,87.031,27.39,413.579,117.1214
2020-09-28,210.8800048828125,212.57000732421875,208.05999755859375,209.44000244140625,206.24880981445312,32004900,1326,383,105,88.798,29.774,410.434,112.7576
2020-09-29,209.3500061035156,210.07000732421875,206.80999755859375,207.2599945068359,204.10205078125,24221900,911,245,35,96.954,29.911,387.138,117.2078
2020-09-30,207.72999572753903,211.97999572753903,206.5399932861328,210.3300018310547,207.12527465820312,33829100,1906,380,86,110.85,31.612,570.54,155.9138
2020-10-01,213.4900054931641,213.9900054931641,211.32000732421875,212.4600067138672,209.22280883789065,27158400,1259,359,69,86.872,22.677,378.455,110.6909
2020-10-02,208.0,210.9900054931641,205.5399932861328,206.19000244140625,203.04835510253903,33154800,1299,277,40,81.236,25.695,358.079,108.9565
2020-10-05,207.22000122070312,210.41000366210935,206.97999572753903,210.3800048828125,207.17449951171875,21331600,1224,268,47,103.162,21.956,419.893,145.6186
2020-10-06,208.82000732421875,210.17999267578125,204.82000732421875,205.91000366210935,202.7726287841797,28554300,1873,346,51,93.695,30.304,440.002,118.306
2020-10-07,207.05999755859375,210.11000061035156,206.72000122070312,209.8300018310547,206.6328887939453,25681100,1530,474,42,112.102,34.874,455.039,132.9875
2020-10-08,210.5099945068359,211.19000244140625,208.32000732421875,210.5800018310547,207.3714599609375,19925800,1942,357,94,121.363,34.351,551.291,164.3772
2020-10-09,211.22999572753903,215.86000061035156,211.22999572753903,215.80999755859375,212.52175903320312,26458000,4602,995,312,123.521,35.375,547.117,155.3405
2020-10-12,218.7899932861328,223.86000061035156,216.80999755859375,221.3999938964844,218.0265960693359,40461400,2792,460,69,163.529,34.358,669.12,234.2282
2020-10-13,222.72000122070312,225.2100067138672,220.42999267578125,222.86000061035156,219.46435546875,28950800,1255,259,41,131.409,27.419,481.177,194.2076
2020-10-14,223.0,224.22000122070312,219.1300048828125,220.86000061035156,217.4948272705078,23421700,1426,274,36,103.47,19.038,436.493,145.8797
2020-10-15,217.1000061035156,220.36000061035156,216.0099945068359,219.66000366210935,216.3131103515625,22733100,1395,292,48,100.028,26.362,426.614,125.0757
2020-10-16,220.1499938964844,222.2899932861328,219.32000732421875,219.66000366210935,216.3131103515625,26057900,1537,366,47,114.426,30.949,416.632,133.5704
2020-10-19,220.4199981689453,222.3000030517578,213.72000122070312,214.22000122070312,210.9560089111328,27625800,1152,239,32,111.362,30.342,471.298,145.1743
2020-10-20,215.8000030517578,217.3699951171875,213.08999633789065,214.6499938964844,211.37940979003903,22753500,1887,392,61,138.265,32.859,555.886,170.2603
2020-10-21,213.1199951171875,216.9199981689453,213.1199951171875,214.8000030517578,211.52716064453125,22724900,851,175,38,143.023,32.45,490.522,194.7332
2020-10-22,213.92999267578125,216.05999755859375,211.6999969482422,214.88999938964844,211.6157989501953,22351500,887,154,45,143.866,35.979,509.162,175.7442
2020-10-23,215.02999877929688,216.27999877929688,213.16000366210935,216.22999572753903,212.93536376953125,18879600,1237,205,45,99.231,28.985,402.786,118.8936
2020-10-26,213.8500061035156,216.33999633789065,208.1000061035156,210.0800018310547,206.87908935546875,37111600,1592,338,89,76.865,31.058,521.076,95.1017
2020-10-27,211.58999633789065,214.6699981689453,210.3300018310547,213.25,210.00079345703125,36700300,6637,1060,344,199.83,69.788,1221.386,261.8217
2020-10-28,207.6699981689453,208.83999633789065,202.1000061035156,202.67999267578125,199.59181213378903,51195600,2743,490,115,138.024,71.202,863.769,144.5563
2020-10-29,204.07000732421875,207.36000061035156,203.3699951171875,204.72000122070312,201.6007537841797,31432600,2003,438,175,66.075,26.598,434.322,83.9685
2020-10-30,203.5,204.2899932861328,199.6199951171875,202.47000122070312,199.385009765625,36953700,1825,351,61,64.793,27.142,424.067,77.6838
2020-11-02,204.2899932861328,205.27999877929688,200.1199951171875,202.3300018310547,199.24717712402344,30842200,1388,259,49,98.016,29.097,442.89,114.896
2020-11-03,203.88999938964844,208.1199951171875,203.1199951171875,206.42999267578125,203.28468322753903,27512000,705,198,55,81.993,25.186,327.835,111.4169
2020-11-04,214.02000427246097,218.32000732421875,212.4199981689453,216.38999938964844,213.09292602539065,42311800,1115,218,38,78.296,23.011,356.697,102.7654
2020-11-05,222.0399932861328,224.1199951171875,221.1499938964844,223.2899932861328,219.88775634765625,36080100,1401,202,59,81.968,17.812,433.222,116.9757
2020-11-06,222.2599945068359,224.36000061035156,218.02999877929688,223.72000122070312,220.31124877929688,25231900,697,127,39,53.613,13.663,292.727,70.4972
2020-11-09,224.44000244140625,228.1199951171875,217.8800048828125,218.38999938964844,215.0624542236328,44395000,811,163,46,54.232,19.79,314.981,71.7113
2020-11-10,214.5,216.5,209.72000122070312,211.0099945068359,207.79489135742188,44045100,1707,260,55,65.212,23.329,417.46,84.0825
2020-11-11,212.38999938964844,218.0399932861328,212.1999969482422,216.5500030517578,213.25048828125,29440800,2482,382,205,68.957,20.993,410.052,88.9981
2020-11-12,217.2100067138672,219.11000061035156,214.4600067138672,215.44000244140625,212.15740966796875,21593900,729,133,37,51.033,11.825,271.142,72.1232
2020-11-13,216.36000061035156,217.4199981689453,214.16000366210935,216.5099945068359,213.21109008789065,18621100,736,146,36,43.735,11.679,254.588,64.3996
2020-11-16,214.8699951171875,217.7400054931641,214.52000427246097,217.22999572753903,213.9201202392578,24953300,1628,242,61,47.424,14.553,283.014,56.0216
2020-11-17,216.1000061035156,217.67999267578125,214.0800018310547,214.4600067138672,211.1923370361328,24154100,1346,157,45,48.899,9.851,251.251,70.09
2020-11-18,213.6499938964844,215.1699981689453,210.92999267578125,211.0800018310547,208.40806579589844,28372800,1062,137,40,47.143,20.472,270.386,46.5234
2020-11-19,211.3800048828125,213.02999877929688,209.92999267578125,212.4199981689453,209.7310485839844,24792700,1583,232,56,51.466,19.905,246.629,61.1324
2020-11-20,212.1999969482422,213.2899932861328,210.0,210.38999938964844,207.72677612304688,22843100,1154,157,51,50.116,12.029,231.857,76.729
2020-11-23,210.9499969482422,212.2899932861328,208.16000366210935,210.11000061035156,207.4503173828125,25683500,1186,165,50,51.58,17.553,288.873,77.1139
2020-11-24,209.58999633789065,214.25,208.86000061035156,213.86000061035156,211.15283203125,33979700,1285,154,55,63.471,14.407,342.117,92.0983
2020-11-25,215.11000061035156,215.2899932861328,212.4600067138672,213.8699951171875,211.16270446777344,21012900,1119,146,46,64.193,15.486,329.324,99.1982
2020-11-27,214.8500061035156,216.27000427246097,214.0399932861328,215.22999572753903,212.5054931640625,14512200,1712,214,60,43.322,7.391,224.282,63.976
2020-11-30,214.1000061035156,214.7599945068359,210.83999633789065,214.07000732421875,211.3601837158203,33064800,1381,160,43,60.978,19.645,302.38,82.9508
2020-12-01,214.5099945068359,217.32000732421875,213.3500061035156,216.2100067138672,213.47311401367188,30904500,1927,210,62,71.084,22.387,437.534,98.0458
2020-12-02,214.8800048828125,215.47000122070312,212.8000030517578,215.3699951171875,212.6437225341797,23724500,1049,149,46,66.73,23.669,387.599,92.6992
2020-12-03,214.61000061035156,216.3800048828125,213.6499938964844,214.2400054931641,211.52804565429688,25120900,2018,392,187,67.789,22.986,380.224,93.003
2020-12-04,214.22000122070312,215.3800048828125,213.17999267578125,214.36000061035156,211.6465301513672,24666000,2384,362,95,63.77,15.568,341.664,91.4295
2020-12-07,214.3699951171875,215.5399932861328,212.9900054931641,214.2899932861328,211.5773773193359,24620000,1727,171,62,68.06,16.113,367.824,92.8203
2020-12-08,213.97000122070312,216.9499969482422,212.88999938964844,216.0099945068359,213.275634765625,23284100,4866,405,116,81.417,19.62,479.96,119.1623
2020-12-09,215.16000366210935,215.22999572753903,211.2100067138672,211.8000030517578,209.1189117431641,32440600,1030,137,40,64.089,25.029,348.885,77.4256
2020-12-10,211.77000427246097,213.0800018310547,210.36000061035156,210.52000427246097,207.85511779785156,26733300,1669,233,65,56.355,22.408,342.243,69.4254
2020-12-11,210.0500030517578,213.32000732421875,209.11000061035156,213.2599945068359,210.5604553222656,30979400,1322,150,64,60.177,18.877,352.951,79.0877
2020-12-14,213.1000061035156,216.2100067138672,212.8800048828125,214.1999969482422,211.48855590820312,28798400,1719,243,63,58.508,16.469,333.023,76.2464
2020-12-15,215.1699981689453,215.4199981689453,212.2400054931641,214.1300048828125,211.41941833496097,27000600,2943,324,167,59.692,18.719,360.584,80.9608
2020-12-16,214.75,220.11000061035156,214.72000122070312,219.27999877929688,216.50424194335935,35023300,3273,321,114,120.412,29.111,652.478,168.0195
2020-12-17,219.8699951171875,220.88999938964844,217.9199981689453,219.4199981689453,216.64247131347656,32515800,2319,391,89,74.311,24.246,402.452,93.2241
2020-12-18,218.58999633789065,219.69000244140625,216.02000427246097,218.58999633789065,215.82296752929688,63354900,5799,1026,353,80.123,34.66,497.211,87.1125
2020-12-21,217.5500030517578,224.0,217.27999877929688,222.58999633789065,219.7723388671875,37181900,3336,396,128,103.836,25.017,564.147,154.7824
2020-12-22,222.69000244140625,225.6300048828125,221.8500061035156,223.94000244140625,221.10525512695312,22612200,1973,262,58,71.778,19.022,373.201,99.5093
2020-12-23,223.11000061035156,223.55999755859375,220.8000030517578,221.02000427246097,218.22219848632812,18699600,911,114,30,50.762,12.061,266.18,77.5791
2020-12-24,221.4199981689453,223.61000061035156,221.1999969482422,222.75,219.93028259277344,10550600,1264,134,31,41.024,14.472,181.499,49.8573
2020-12-28,224.4499969482422,226.02999877929688,223.02000427246097,224.9600067138672,222.1123504638672,17933500,2010,191,40,50.13,17.330000000000002,344.544,68.6118
2020-12-29,226.30999755859375,227.17999267578125,223.5800018310547,224.1499938964844,221.3125915527344,17403200,1072,113,30,42.313,11.299,253.387,58.6954
2020-12-30,225.22999572753903,225.6300048828125,221.47000122070312,221.67999267578125,218.8738555908203,20272300,1320,168,40,47.926,14.323,241.749,65.6511
2020-12-31,221.6999969482422,223.0,219.67999267578125,222.4199981689453,219.6044921875,20942100,9134,1824,231,48.805,16.711,303.48,71.9348
2021-01-04,222.52999877929688,223.0,214.80999755859375,217.69000244140625,214.9343719482422,37130100,1389,311,60,50.538,14.831,276.632,70.2972
2021-01-05,217.2599945068359,218.52000427246097,215.6999969482422,217.8999938964844,215.14170837402344,23823000,1154,213,29,42.36,6.074,266.568,70.0105
2021-01-06,212.1699981689453,216.4900054931641,211.94000244140625,212.25,209.563232421875,35930700,1607,250,68,65.31,22.565,394.123,91.8773
2021-01-07,214.0399932861328,219.33999633789065,213.7100067138672,218.2899932861328,215.5267639160156,27694500,1999,346,57,64.092,15.218,311.7,88.9721
2021-01-08,218.67999267578125,220.5800018310547,217.02999877929688,219.6199951171875,216.8399200439453,22956200,1198,305,33,50.453,12.308,276.239,74.2052
2021-01-11,218.47000122070312,218.91000366210935,216.72999572753903,217.4900054931641,214.7369079589844,23031300,1434,221,30,47.894,12.507,257.6,71.843
2021-01-12,216.5,217.1000061035156,213.32000732421875,214.92999267578125,212.2093048095703,23249300,1569,289,42,61.426,17.486,323.091,78.8165
2021-01-13,214.02000427246097,216.7599945068359,213.92999267578125,216.33999633789065,213.6014404296875,20087100,1291,242,34,53.031,15.517,258.451,69.5461
2021-01-14,215.91000366210935,217.4600067138672,212.7400054931641,213.02000427246097,210.3234710693359,29480800,1569,314,43,56.943,18.775,321.285,72.2641
2021-01-15,213.52000427246097,214.5099945068359,212.02999877929688,212.6499938964844,209.95814514160156,31746500,2021,375,55,42.668,17.316,280.021,51.2415
2021-01-19,213.75,216.97999572753903,212.6300048828125,216.44000244140625,213.70018005371097,30480900,2165,426,68,70.27,19.957,443.775,90.114
2021-01-20,217.6999969482422,225.7899932861328,217.2899932861328,224.33999633789065,221.5001678466797,37777300,2947,373,62,88.036,17.857,501.109,130.5705
2021-01-21,224.6999969482422,226.3000030517578,222.4199981689453,224.97000122070312,222.12220764160156,30709400,2611,383,54,68.878,16.305,406.812,103.9419
2021-01-22,227.0800018310547,230.07000732421875,225.8000030517578,225.9499969482422,223.0897979736328,30172700,4253,732,124,105.471,22.045,582.491,139.4944
2021-01-25,229.1199951171875,229.77999877929688,224.22000122070312,229.52999877929688,226.62448120117188,33152100,3945,669,104,80.336,26.374,570.29,110.0469
2021-01-26,231.86000061035156,234.17999267578125,230.0800018310547,232.3300018310547,229.3890380859375,49169600,12842,1737,382,271.392,85.027,1495.586,345.4912
2021-01-27,238.0,240.44000244140625,230.13999938964844,232.8999938964844,229.9518280029297,69870600,21764,3065,446,166.025,69.378,1026.61,196.8983
2021-01-28,235.61000061035156,242.63999938964844,235.08999633789065,238.92999267578125,235.90548706054688,49111200,4440,666,82,94.312,40.983,523.7,102.2606
2021-01-29,235.9900054931641,238.02000427246097,231.3500061035156,231.9600067138672,229.0237274169922,42503100,7801,1262,186,69.532,28.18,384.279,82.0131
2021-02-01,235.05999755859375,242.5,232.42999267578125,239.6499938964844,236.6163787841797,33314200,2119,324,55,85.32,22.37,459.307,129.0014
2021-02-02,241.3000030517578,242.30999755859375,238.69000244140625,239.5099945068359,236.4781494140625,25916300,5685,1241,171,97.496,22.567,449.93,142.1114
2021-02-03,239.57000732421875,245.08999633789065,239.2599945068359,243.0,239.92398071289065,27158100,4314,779,131,85.047,28.905,538.054,116.3216
2021-02-04,242.66000366210935,243.2400054931641,240.3699951171875,242.0099945068359,238.94650268554688,25296100,1858,391,52,58.681,18.73,373.587,87.6557
2021-02-05,242.22999572753903,243.27999877929688,240.4199981689453,242.1999969482422,239.1341094970703,18054800,1436,226,27,48.733,11.243,268.026,69.0573
2021-02-08,243.1499938964844,243.67999267578125,240.80999755859375,242.47000122070312,239.40069580078125,22211900,2349,459,61,58.102,12.408,315.491,83.1515
2021-02-09,241.8699951171875,244.7599945068359,241.3800048828125,243.77000427246097,240.68421936035156,23565000,1995,280,19,54.321,12.525,309.159,86.4338
2021-02-10,245.0,245.9199981689453,240.88999938964844,242.82000732421875,239.74624633789065,22186700,2328,404,58,56.728,18.686,420.582,73.7527
2021-02-11,244.77999877929688,245.1499938964844,242.1499938964844,244.4900054931641,241.3951416015625,15751100,2818,471,74,87.751,25.806,492.443,122.984
2021-02-12,243.92999267578125,245.3000030517578,242.72999572753903,244.9900054931641,241.88877868652344,16561100,1060,248,27,47.742,16.674,323.581,67.62650000000001
2021-02-16,245.02999877929688,246.1300048828125,242.9199981689453,243.6999969482422,240.6151123046875,26728500,1772,306,47,52.894,10.958,386.145,86.158
2021-02-17,241.32000732421875,244.30999755859375,240.94000244140625,244.1999969482422,241.66409301757812,21653500,2394,544,64,48.08,16.394,325.533,58.5217
2021-02-18,241.8000030517578,243.92999267578125,240.86000061035156,243.7899932861328,241.2583465576172,16925600,2352,380,52,38.332,15.016,270.647,47.077
2021-02-19,243.75,243.86000061035156,240.17999267578125,240.97000122070312,238.4676513671875,25262600,2794,432,70,48.947,16.82,322.235,59.3807
2021-02-22,237.4199981689453,237.92999267578125,232.3999938964844,234.5099945068359,232.07470703125,36446900,1279,205,42,46.552,20.994,365.448,55.2901
2021-02-23,230.3300018310547,234.8300018310547,228.72999572753903,233.27000427246097,230.8476104736328,30228700,7105,1263,89,50.123,24.501,475.379,63.7397
2021-02-24,230.0099945068359,235.1999969482422,229.0,234.5500030517578,232.11431884765625,26339700,2046,298,49,57.999,17.453,305.548,76.2203
2021-02-25,232.0800018310547,234.58999633789065,227.8800048828125,228.9900054931641,226.612060546875,39542200,1566,222,49,48.53,17.125,342.344,61.0986
2021-02-26,231.52999877929688,235.3699951171875,229.5399932861328,232.3800048828125,229.96685791015625,37819200,1283,201,33,62.526,17.55,364.921,83.2251
2021-03-01,235.8999938964844,237.47000122070312,233.1499938964844,236.94000244140625,234.47947692871097,25324000,1169,227,36,50.271,12.983,286.733,74.0434
2021-03-02,237.0099945068359,237.3000030517578,233.4499969482422,233.8699951171875,231.44137573242188,22812500,1561,272,38,48.861,12.792,284.345,78.6376
2021-03-03,232.16000366210935,233.5800018310547,227.2599945068359,227.55999755859375,225.19688415527344,34029500,1909,428,73,58.416,27.873,388.715,59.0974
2021-03-04,226.7400054931641,232.4900054931641,224.2599945068359,226.72999572753903,224.37550354003903,44727800,1584,322,44,60.661,26.002,399.339,61.297
2021-03-05,229.52000427246097,233.27000427246097,226.4600067138672,231.6000061035156,229.19496154785156,41872800,1615,354,59,82.02,36.982,433.0,96.5064
2021-03-08,231.3699951171875,233.3699951171875,227.1300048828125,227.38999938964844,225.02865600585935,35267400,2093,422,71,64.414,25.61,394.981,77.2671
2021-03-09,232.8800048828125,235.3800048828125,231.6699981689453,233.77999877929688,231.352294921875,33080500,1598,246,49,65.917,20.542,362.542,91.712
2021-03-10,237.0,237.0,232.0399932861328,232.4199981689453,230.0064392089844,29746800,921,181,34,54.301,17.307,307.386,80.0385
2021-03-11,234.9600067138672,239.1699981689453,234.30999755859375,237.1300048828125,234.6675262451172,29907600,4534,494,94,60.752,17.216,345.032,94.3841
2021-03-12,234.0099945068359,235.82000732421875,233.22999572753903,235.75,233.3018341064453,22653700,1499,251,36,54.244,19.105,303.65,79.0807
2021-03-15,234.9600067138672,235.19000244140625,231.80999755859375,234.80999755859375,232.3716278076172,26034900,1339,265,41,58.227,17.057,361.714,77.3758
2021-03-16,236.27999877929688,240.05999755859375,235.94000244140625,237.7100067138672,235.2415008544922,28092200,2297,286,39,68.475,16.503,408.024,116.8365
2021-03-17,236.1499938964844,238.5500030517578,233.22999572753903,237.0399932861328,234.5784454345703,29562100,1132,210,31,65.094,18.052,327.846,102.7785
2021-03-18,232.55999755859375,234.19000244140625,230.3300018310547,230.72000122070312,228.32408142089844,34833000,2238,288,53,45.039,17.566,289.395,64.3575
2021-03-19,231.02000427246097,232.47000122070312,229.3500061035156,230.3500061035156,227.9579315185547,46430700,1052,173,28,48.21,13.702,273.092,78.7262
2021-03-22,230.27000427246097,236.8999938964844,230.13999938964844,235.9900054931641,233.5393524169922,30127000,4019,724,302,72.168,38.737,437.096,78.6605
2021-03-23,237.4900054931641,241.0500030517578,237.07000732421875,237.5800018310547,235.1128387451172,31638400,3695,598,86,94.36,62.189,603.452,79.2676
2021-03-24,237.8500061035156,238.0,235.32000732421875,235.4600067138672,233.01486206054688,25620100,1044,245,44,56.457,21.728,325.811,76.9977
2021-03-25,235.3000030517578,236.94000244140625,231.57000732421875,232.33999633789065,229.92726135253903,34061900,1529,246,58,67.842,27.091,351.066,92.8016
2021-03-26,231.5500030517578,236.7100067138672,231.5500030517578,236.47999572753903,234.02427673339844,25479900,1322,227,40,57.615,20.573,302.82,82.5607
2021-03-29,236.58999633789065,236.8000030517578,231.8800048828125,235.2400054931641,232.79714965820312,25227500,909,141,29,51.32,11.985,270.696,86.0887
2021-03-30,233.52999877929688,233.8500061035156,231.1000061035156,231.8500061035156,229.4423828125,24792000,1445,237,48,46.892,14.205,273.9,87.9697
2021-03-31,232.91000366210935,239.1000061035156,232.38999938964844,235.77000427246097,233.32164001464844,43623500,4196,693,159,154.225,38.398,762.379,229.7076
2021-04-01,238.47000122070312,242.83999633789065,238.0500030517578,242.3500061035156,239.83331298828125,30338000,3626,647,99,108.001,21.007,603.991,175.5366
2021-04-05,242.7599945068359,249.9600067138672,242.6999969482422,249.07000732421875,246.48353576660156,36910600,3670,594,104,119.825,24.566,676.608,187.8453
2021-04-06,247.61000061035156,249.3999938964844,246.8800048828125,247.86000061035156,245.2860870361328,22931900,1752,335,38,59.571,15.214,359.222,105.0043
2021-04-07,247.80999755859375,250.92999267578125,247.19000244140625,249.8999938964844,247.30490112304688,22719800,1887,290,46,79.491,18.955,474.558,131.6733
2021-04-08,252.77000427246097,254.13999938964844,252.0,253.25,250.6201171875,23625200,1551,221,28,78.884,21.931,459.186,118.1803
2021-04-09,252.8699951171875,255.9900054931641,252.44000244140625,255.8500061035156,253.193115234375,24326800,1463,399,42,75.053,26.285,455.672,102.0782
2021-04-12,254.7100067138672,257.6700134277344,254.6199951171875,255.91000366210935,253.2524871826172,27148700,12241,1894,358,145.467,36.537,916.995,232.2619
2021-04-13,257.260009765625,259.19000244140625,256.8299865722656,258.489990234375,255.80569458007812,23837500,3835,592,88,88.797,26.5,549.708,127.3806
2021-04-14,257.4800109863281,258.8299865722656,255.16000366210935,255.58999633789065,252.9358062744141,23070900,1443,268,30,73.035,18.685,394.285,119.6644
2021-04-15,257.92999267578125,259.92999267578125,257.7300109863281,259.5,256.8052062988281,25627500,1279,239,30,67.263,16.576,351.161,113.1295
2021-04-16,259.4700012207031,261.0,257.6000061035156,260.739990234375,258.0323486328125,24878600,937,224,24,49.67,12.476,274.851,78.7727
2021-04-19,260.19000244140625,261.4800109863281,257.82000732421875,258.739990234375,256.0530700683594,23209300,1677,287,44,65.497,16.22,355.278,104.0956
2021-04-20,257.82000732421875,260.20001220703125,256.8399963378906,258.260009765625,255.57810974121097,19722900,2491,363,105,66.241,30.563,400.193,87.2501
2021-04-21,258.94000244140625,260.67999267578125,257.25,260.5799865722656,257.8739929199219,24030400,1320,273,34,67.22,22.674,374.107,99.7971
2021-04-22,260.2099914550781,261.7799987792969,255.63999938964844,257.1700134277344,254.4994201660156,25606200,1261,193,27,63.991,19.589,373.417,109.9745
2021-04-23,257.8800048828125,261.510009765625,257.2699890136719,261.1499938964844,258.43804931640625,21462600,1917,297,49,80.582,11.943,359.474,141.5339
2021-04-26,261.6600036621094,262.44000244140625,260.1700134277344,261.54998779296875,258.8338928222656,19763300,5440,987,96,96.646,24.033,570.315,149.981
2021-04-27,261.5799865722656,263.19000244140625,260.1199951171875,261.9700012207031,259.2495422363281,31014200,7974,1170,212,194.817,64.536,1276.656,285.2416
2021-04-28,256.0799865722656,256.5400085449219,252.9499969482422,254.55999755859375,251.91651916503903,46903100,5533,799,103,151.053,56.444,911.51,216.3204
2021-04-29,255.4600067138672,256.1000061035156,249.0,252.5099945068359,249.8877868652344,40589000,6341,1429,217,106.5,40.756,601.749,142.399
2021-04-30,249.7400054931641,253.0800018310547,249.6000061035156,252.17999267578125,249.5612335205078,30945100,3834,613,104,65.415,18.909,347.673,96.2339
2021-05-03,253.3999938964844,254.3500061035156,251.1199951171875,251.86000061035156,249.24456787109375,19626600,5055,598,141,90.148,37.43,521.422,113.4422
2021-05-04,250.97000122070312,251.2100067138672,245.7599945068359,247.7899932861328,245.21682739257812,32756100,1411,354,42,78.126,36.382,480.493,93.8629
2021-05-05,249.05999755859375,249.5,245.82000732421875,246.47000122070312,243.9105224609375,21901300,1743,407,96,80.778,37.777,384.441,100.1316
2021-05-06,246.4499969482422,249.86000061035156,244.69000244140625,249.72999572753903,247.1366729736328,26491100,1812,353,51,60.021,22.706,338.26800000000003,81.0199
2021-05-07,252.1499938964844,254.3000030517578,251.1699981689453,252.4600067138672,249.8383331298828,27032900,1234,258,21,60.821,16.991,307.195,86.9131
2021-05-10,250.8699951171875,251.72999572753903,247.1199951171875,247.17999267578125,244.61314392089844,29299900,2198,313,59,59.702,20.643,288.656,78.2782
2021-05-11,244.5500030517578,246.6000061035156,242.57000732421875,246.22999572753903,243.67300415039065,33641600,1043,146,25,52.826,19.653,291.522,67.4348
2021-05-12,242.1699981689453,244.3800048828125,238.07000732421875,239.0,236.5181121826172,36684400,2765,265,39,60.08,23.198,359.723,83.8878
2021-05-13,241.8000030517578,245.6000061035156,241.4199981689453,243.02999877929688,240.5062561035156,29624300,902,226,32,66.505,23.282,348.216,86.8538
2021-05-14,245.5800018310547,249.17999267578125,245.4900054931641,248.1499938964844,245.5730743408203,23901100,1124,137,19,51.695,15.111,273.195,71.8954
2021-05-17,246.5500030517578,246.58999633789065,243.52000427246097,245.17999267578125,242.63392639160156,24970200,2602,502,111,52.475,19.53,336.996,75.2569
2021-05-18,246.27000427246097,246.41000366210935,242.8999938964844,243.0800018310547,240.55572509765625,20168000,1856,318,46,52.451,17.034,297.519,72.0788
2021-05-19,239.30999755859375,243.22999572753903,238.6000061035156,243.1199951171875,241.15087890625,25739800,966,191,31,61.213,17.423,296.373,95.606
2021-05-20,243.9600067138672,247.9499969482422,243.86000061035156,246.47999572753903,244.483642578125,21800700,1670,241,29,61.692,14.756,296.56,90.0705
2021-05-21,247.57000732421875,248.3300018310547,244.7400054931641,245.1699981689453,243.1842803955078,21863100,729,151,13,38.567,12.706,224.726,53.1509
2021-05-24,247.7899932861328,251.16000366210935,247.5099945068359,250.77999877929688,248.7488250732422,21411500,2139,426,68,61.286,12.274,316.448,97.7162
2021-05-25,251.77000427246097,252.75,250.82000732421875,251.72000122070312,249.68121337890625,17704300,1510,269,21,41.362,10.321,262.314,61.7253
2021-05-26,251.42999267578125,252.94000244140625,250.75,251.4900054931641,249.45309448242188,17771600,496,140,15,46.979,13.509,234.51,63.9689
2021-05-27,251.1699981689453,251.47999572753903,249.25,249.30999755859375,247.2907257080078,24426200,893,202,36,41.138,14.741,236.123,55.0327
2021-05-28,251.0,252.0800018310547,249.55999755859375,249.67999267578125,247.65773010253903,18270200,1274,259,31,36.948,17.578,215.471,39.6404
2021-06-01,251.22999572753903,251.2899932861328,246.9600067138672,247.3999938964844,245.3961944580078,23213300,981,175,46,40.957,14.427,252.617,56.8535
2021-06-02,248.1300048828125,249.27000427246097,245.83999633789065,247.3000030517578,245.29702758789065,19406700,2831,569,84,53.23,13.136,302.637,79.0969
2021-06-03,245.22000122070312,246.33999633789065,243.0,245.7100067138672,243.7198944091797,25307700,968,261,34,58.396,18.256,305.353,80.2008
2021-06-04,247.7599945068359,251.6499938964844,247.5099945068359,250.7899932861328,248.7587432861328,25281100,1631,285,52,63.681,15.749,330.578,101.1906
2021-06-07,249.97999572753903,254.08999633789065,249.80999755859375,253.80999755859375,251.7542724609375,23079200,2558,447,51,65.8,17.035,330.162,102.1743
2021-06-08,255.16000366210935,256.010009765625,252.5099945068359,252.57000732421875,250.52435302734375,22455000,1015,184,29,52.39,18.684,292.928,73.1162
2021-06-09,253.80999755859375,255.52999877929688,253.2100067138672,253.58999633789065,251.53607177734375,17937600,786,147,21,42.958,15.144,242.902,61.1522
2021-06-10,254.2899932861328,257.4599914550781,253.6699981689453,257.239990234375,255.156494140625,24563600,2429,323,52,66.821,18.194,394.986,98.7563
2021-06-11,257.989990234375,258.489990234375,256.6099853515625,257.8900146484375,255.80128479003903,18999700,1335,198,34,53.363,19.142,317.498,68.928
2021-06-14,257.8999938964844,259.95001220703125,256.79998779296875,259.8900146484375,257.7850341796875,19150500,1896,310,35,58.542,14.648,315.815,97.0719
2021-06-15,259.7699890136719,259.989990234375,257.67999267578125,258.3599853515625,256.2674255371094,18038900,1126,176,28,42.181,15.791,233.028,52.9014
2021-06-16,259.3999938964844,260.5799865722656,254.4199981689453,257.3800048828125,255.29537963867188,27220000,2678,261,85,42.938,16.098,260.967,58.054
2021-06-17,256.07000732421875,261.75,256.010009765625,260.8999938964844,258.7868347167969,27565500,1536,255,23,60.549,18.662,328.786,85.3043
2021-06-18,259.6300048828125,262.29998779296875,258.75,259.42999267578125,257.3287658691406,37202200,2415,464,57,41.517,18.156,245.331,52.4719
2021-06-21,259.82000732421875,263.5199890136719,257.9200134277344,262.6300048828125,260.5028381347656,26696100,1557,251,49,56.5,15.839,344.669,81.01989999999999
2021-06-22,262.7200012207031,265.7900085449219,262.3999938964844,265.510009765625,263.3595275878906,24694100,3710,455,78,91.138,19.079,482.788,133.1549
2021-06-23,265.989990234375,266.8299865722656,264.42999267578125,265.2699890136719,263.1214599609375,19518700,2151,410,67,72.451,20.424,456.127,118.3255
2021-06-24,266.1600036621094,267.8500061035156,265.4700012207031,266.69000244140625,264.52996826171875,21446900,3240,477,80,72.097,31.268,523.633,87.7704
2021-06-25,266.2300109863281,267.25,264.760009765625,265.0199890136719,262.8735046386719,25611100,1318,225,26,52.931,25.23,302.837,68.6267
2021-06-28,266.19000244140625,268.8999938964844,265.9100036621094,268.7200012207031,266.5434875488281,19590000,3171,427,47,72.285,23.269,427.454,111.7783
2021-06-29,268.8699951171875,271.6499938964844,267.9800109863281,271.3999938964844,269.20184326171875,19937800,1792,371,61,76.753,21.439,471.809,102.5267
2021-06-30,270.69000244140625,271.3599853515625,269.6000061035156,270.8999938964844,268.70587158203125,21656500,2677,412,75,59.177,20.261,333.564,77.9858
2021-07-01,269.6099853515625,271.8399963378906,269.6000061035156,271.6000061035156,269.40020751953125,16725300,2051,198,38,50.027,15.779,281.189,62.9949
2021-07-02,272.82000732421875,278.0,272.5,277.6499938964844,275.4012145996094,26458000,2775,362,44,94.078,26.548,508.377,133.1072
2021-07-06,278.0299987792969,279.3699951171875,274.29998779296875,277.6600036621094,275.4111328125,31565600,3739,536,113,106.265,51.262,587.475,103.0878
2021-07-07,279.3999938964844,280.69000244140625,277.1499938964844,279.92999267578125,277.6626892089844,23260000,2466,420,56,81.214,33.689,453.113,91.5926
2021-07-08,276.8999938964844,278.7300109863281,274.8699951171875,277.4200134277344,275.1730651855469,24618600,1902,262,50,79.771,18.802,370.43,112.2589
2021-07-09,275.7200012207031,278.04998779296875,275.32000732421875,277.94000244140625,275.6888732910156,23916700,1165,201,30,48.718,14.016,265.273,64.3355
2021-07-12,279.1600036621094,279.7699890136719,276.5799865722656,277.32000732421875,275.0738830566406,18931700,1453,225,36,64.036,18.102,346.861,94.1811
2021-07-13,277.5199890136719,282.8500061035156,277.3900146484375,280.9800109863281,278.7042541503906,26120100,4179,453,83,105.59,26.591,590.822,147.8397
2021-07-14,282.3500061035156,283.6600036621094,280.54998779296875,282.510009765625,280.2218322753906,23113700,4527,467,94,83.216,26.74,547.044,120.8744
2021-07-15,282.0,282.510009765625,279.8299865722656,281.0299987792969,278.7538146972656,22604200,3015,425,41,68.31099999999999,23.863,368.827,89.6558
2021-07-16,282.07000732421875,284.1000061035156,279.4599914550781,280.75,278.4761047363281,26186800,2256,279,38,72.719,23.282,422.996,101.7036
2021-07-19,278.92999267578125,280.3699951171875,274.45001220703125,277.010009765625,274.7663879394531,32935600,2968,332,52,68.377,28.25,368.375,85.6009
2021-07-20,278.0299987792969,280.9700012207031,276.260009765625,279.32000732421875,277.0577087402344,26259700,1292,232,39,62.814,18.003,302.192,92.071
2021-07-21,278.8999938964844,281.5199890136719,277.2900085449219,281.3999938964844,279.1208190917969,24364300,1308,205,22,61.009,17.043,312.953,86.8059
2021-07-22,283.8399963378906,286.4200134277344,283.4200134277344,286.1400146484375,283.82244873046875,23384100,3978,591,74,88.921,22.901,560.174,125.2393
2021-07-23,287.3699951171875,289.989990234375,286.5,289.6700134277344,287.3238525390625,22768100,4099,629,102,86.123,22.645,488.231,134.1532
2021-07-26,289.0,289.69000244140625,286.6400146484375,289.04998779296875,286.7088317871094,23176100,3350,597,79,78.089,15.402,465.51,125.2961
2021-07-27,289.42999267578125,289.5799865722656,282.95001220703125,286.5400085449219,284.21923828125,33604100,14416,1843,318,219.46,78.24,1420.294,282.8575
2021-07-28,288.989990234375,290.1499938964844,283.8299865722656,286.2200012207031,283.90179443359375,33566900,4544,886,118,141.695,43.116,907.183,199.9177
2021-07-29,286.239990234375,288.6199951171875,286.0799865722656,286.5,284.17950439453125,18168300,4618,808,90,65.611,22.624,400.755,91.344
2021-07-30,285.1700134277344,286.6600036621094,283.9100036621094,284.9100036621094,282.6024169921875,20944800,1686,303,26,48.414,15.387,274.202,66.4269
2021-08-02,286.3599853515625,286.7699890136719,283.739990234375,284.82000732421875,282.5131530761719,16267400,1587,247,57,56.505,14.007,259.488,84.5834
2021-08-03,285.4200134277344,287.2300109863281,284.0,287.1199951171875,284.79449462890625,17879000,2231,410,82,58.99,17.371,377.641,90.0087
2021-08-04,286.2200012207031,287.5899963378906,284.6499938964844,286.510009765625,284.1894226074219,16191300,1234,232,28,58.507,18.746,359.747,87.0725
2021-08-05,286.8800048828125,289.6300048828125,286.1000061035156,289.5199890136719,287.175048828125,13900200,1147,181,28,55.154,18.433,316.406,68.3536
2021-08-06,288.510009765625,289.5,287.6199951171875,289.4599914550781,287.11553955078125,16589300,1065,154,29,43.472,14.426,281.096,59.5479
2021-08-09,289.75,291.54998779296875,287.80999755859375,288.3299865722656,285.99468994140625,16117600,1461,172,32,48.448,13.8,288.759,80.0317
2021-08-10,288.79998779296875,289.25,285.20001220703125,286.44000244140625,284.1200256347656,18616600,1289,238,34,56.294,17.753,301.946,82.2126
2021-08-11,287.2099914550781,288.6600036621094,285.8599853515625,286.95001220703125,284.6258850097656,13955900,2246,389,52,38.799,14.391,248.813,57.7769
2021-08-12,286.6300048828125,289.9700012207031,286.3399963378906,289.80999755859375,287.46270751953125,14561300,4549,1019,156,61.31,16.456,357.241,92.8455
2021-08-13,289.4800109863281,292.8999938964844,289.29998779296875,292.8500061035156,290.4781188964844,18249000,2579,503,78,68.414,17.03,376.561,99.8423
2021-08-16,293.19000244140625,294.82000732421875,290.0199890136719,294.6000061035156,292.21392822265625,22507600,2645,315,55,88.513,26.603,470.892,125.398
2021-08-17,292.3900146484375,293.42999267578125,291.0799865722656,293.0799865722656,290.7062072753906,20075300,2270,317,39,68.031,19.9,369.073,107.4979
2021-08-18,292.0400085449219,294.82000732421875,290.2699890136719,290.7300109863281,288.9273376464844,21813000,2850,417,63,68.216,18.425,415.367,101.0925
2021-08-19,288.69000244140625,297.4700012207031,288.6400146484375,296.7699890136719,294.92987060546875,29850500,3801,456,103,108.038,31.749,579.207,148.4223
2021-08-20,299.7200012207031,305.8399963378906,298.05999755859375,304.3599853515625,302.4728088378906,40817600,7006,884,142,180.346,51.779,996.874,242.4294
2021-08-23,303.25,305.3999938964844,301.8500061035156,304.6499938964844,302.7610168457031,22830200,2851,348,57,83.942,21.992,457.073,131.0528
2021-08-24,305.0199890136719,305.6499938964844,302.0,302.6199951171875,300.74359130859375,18175800,2900,389,53,65.534,19.853,423.614,89.4925
2021-08-25,304.29998779296875,304.5899963378906,300.4200134277344,302.010009765625,300.1374206542969,20006100,1497,196,46,72.406,21.444,404.155,100.4405
2021-08-26,300.989990234375,302.42999267578125,298.95001220703125,299.0899963378906,297.2355041503906,17666100,4147,683,95,58.031,21.994,353.977,78.2223
2021-08-27,298.989990234375,300.8699951171875,296.8299865722656,299.7200012207031,297.861572265625,22605700,1103,145,19,49.719,19.172,297.112,68.1664
2021-08-30,301.1199951171875,304.2200012207031,301.05999755859375,303.5899963378906,301.7076110839844,16348100,1868,316,40,75.995,21.136,422.87,105.9038
2021-08-31,304.4200134277344,304.5,301.5,301.8800048828125,300.0082092285156,26285300,2705,318,39,47.78,16.437,334.785,68.6096
2021-09-01,302.8699951171875,305.19000244140625,301.489990234375,301.8299865722656,299.95849609375,18983800,2320,380,28,48.206,15.89,323.907,68.9842
2021-09-02,302.20001220703125,303.3599853515625,300.17999267578125,301.1499938964844,299.28271484375,16285600,7687,1805,253,47.957,11.548,289.494,64.9333
2021-09-03,300.989990234375,302.6000061035156,300.260009765625,301.1400146484375,299.2727966308594,14747900,1494,289,26,47.713,9.357,274.931,71.3684
2021-09-07,301.010009765625,301.0899963378906,298.20001220703125,300.17999267578125,298.3187255859375,17180400,1785,300,48,50.427,14.643,324.926,73.0191
2021-09-08,299.7799987792969,300.6099853515625,297.4700012207031,300.2099914550781,298.3485107421875,15046800,1650,319,60,64.776,17.419,393.812,95.5188
2021-09-09,300.82000732421875,302.1400146484375,297.0,297.25,295.4068908691406,19927000,2850,406,58,74.954,23.849,465.192,121.4395
2021-09-10,298.4200134277344,299.9200134277344,295.3800048828125,295.7099914550781,293.87640380859375,19633400,2429,373,57,66.836,20.393,356.773,79.3339
2021-09-13,297.54998779296875,298.5400085449219,294.0799865722656,296.989990234375,295.14849853515625,23652900,1458,225,39,58.988,19.641,314.371,86.116
2021-09-14,299.55999755859375,301.3900146484375,298.1000061035156,299.7900085449219,297.93115234375,21853400,6593,664,173,118.978,33.363,579.665,159.2729
2021-09-15,303.260009765625,305.32000732421875,301.82000732421875,304.82000732421875,302.92999267578125,28356300,7599,1015,190,164.513,43.529,953.949,228.7254
2021-09-16,303.760009765625,305.30999755859375,300.760009765625,305.2200012207031,303.3274841308594,19550800,2164,259,52,79.303,24.602,480.09,116.7843
2021-09-17,304.1700134277344,304.5,299.5299987792969,299.8699951171875,298.0106201171875,41372500,1834,284,44,62.589,20.696,390.721,95.7936
2021-09-20,296.3299865722656,298.7200012207031,289.5199890136719,294.29998779296875,292.47515869140625,38278700,1767,258,40,71.805,29.879,408.316,91.4683
2021-09-21,295.69000244140625,297.5400085449219,294.07000732421875,294.79998779296875,292.9720764160156,22364100,2359,312,38,57.347,18.314,341.335,88.896
2021-09-22,296.7300109863281,300.2200012207031,294.510009765625,298.5799865722656,296.7286071777344,26626300,3059,462,52,72.847,17.782,439.368,112.4088
2021-09-23,298.8500061035156,300.8999938964844,297.5299987792969,299.55999755859375,297.70257568359375,18604600,1480,332,47,61.528,18.414,327.065,96.5281
2021-09-24,298.2300109863281,299.79998779296875,296.92999267578125,299.3500061035156,297.4938659667969,14999000,1368,251,24,45.316,15.992,258.691,73.8382
2021-09-27,296.1400146484375,296.4700012207031,292.94000244140625,294.1700134277344,292.34600830078125,23571700,2737,426,68,71.164,25.043,389.794,95.4095
2021-09-28,289.79998779296875,290.7799987792969,282.75,283.5199890136719,281.7620544433594,43186200,2680,399,90,77.584,34.348,496.086,83.9774
2021-09-29,285.1000061035156,286.7699890136719,283.010009765625,284.0,282.2390441894531,26353700,2828,384,59,67.057,20.921,429.021,104.2508
2021-09-30,285.7099914550781,287.8299865722656,281.6199951171875,281.9200134277344,280.1719665527344,32343600,2214,328,67,54.866,22.403,368.723,77.7803
2021-10-01,282.1199951171875,289.9800109863281,281.2900085449219,289.1000061035156,287.30743408203125,30086300,1706,199,29,66.016,17.36,317.62,88.7198
2021-10-04,287.3999938964844,287.75,280.25,283.1099853515625,281.35455322265625,31350700,2206,412,59,65.282,25.302,382.414,78.1151
2021-10-05,284.04998779296875,290.3999938964844,284.04998779296875,288.760009765625,286.9695129394531,24993000,1451,184,38,52.283,14.858,365.855,76.366
2021-10-06,285.7799987792969,293.6300048828125,285.510009765625,293.1099853515625,291.29254150390625,28002600,8811,1939,260,72.658,18.199,416.137,113.9616
2021-10-07,295.17999267578125,296.6400146484375,293.9200134277344,294.8500061035156,293.0218200683594,20430500,2603,585,115,66.756,16.624,333.624,105.1631
2021-10-08,296.2200012207031,296.6400146484375,293.760009765625,294.8500061035156,293.0218200683594,17685700,902,158,15,51.02,16.089,231.9,60.1808
2021-10-11,292.9200134277344,297.9700012207031,292.75,294.2300109863281,292.4056396484375,19298600,1275,189,41,46.068,16.945,264.985,62.7492
2021-10-12,295.3399963378906,295.44000244140625,292.3500061035156,292.8800048828125,291.0639953613281,17974100,1069,230,51,55.837,13.769,279.395,82.5694
2021-10-13,294.9100036621094,297.2799987792969,293.489990234375,296.30999755859375,294.4727478027344,23416300,3442,549,81,44.493,11.681,298.826,76.0863
2021-10-14,299.2099914550781,303.2699890136719,297.8299865722656,302.75,300.8727722167969,27262900,6664,1401,221,95.961,19.461,556.585,156.9591
2021-10-15,302.3399963378906,304.45001220703125,300.5199890136719,304.2099914550781,302.32373046875,25384800,3338,880,149,68.214,16.152,354.633,105.0395
2021-10-18,303.57000732421875,308.2099914550781,302.69000244140625,307.2900085449219,305.3846435546875,22729300,3633,524,87,108.34,27.349,592.311,155.4103
2021-10-19,308.3500061035156,309.29998779296875,307.2200012207031,308.2300109863281,306.3188171386719,17682100,3670,610,76,72.254,20.036,430.709,114.6393
2021-10-20,309.2099914550781,309.70001220703125,306.1099853515625,307.4100036621094,305.5038757324219,16537100,4155,819,132,86.119,31.693,492.192,103.6928
2021-10-21,307.1700134277344,311.0199890136719,306.3599853515625,310.760009765625,308.8331604003906,16918100,1340,313,57,68.079,18.977,373.94,100.8948
2021-10-22,310.3999938964844,311.0899963378906,307.79998779296875,309.1600036621094,307.2430419921875,17449300,4295,842,81,63.74,17.888,318.373,84.5644
2021-10-25,309.3599853515625,309.3999938964844,306.4599914550781,308.1300048828125,306.2194519042969,17554500,4059,686,90,84.877,24.093,595.032,127.0077
2021-10-26,311.0,312.3999938964844,308.6000061035156,310.1099853515625,308.1871337890625,28107300,8026,1230,247,201.395,58.479,1174.125,267.5843
2021-10-27,316.0,326.1000061035156,316.0,323.1700134277344,321.16619873046875,52588700,9587,1021,211,301.121,72.119,1701.755,428.1787
2021-10-28,324.3299865722656,324.8699951171875,321.3599853515625,324.3500061035156,322.3388671875,26297900,7657,1116,159,129.147,36.304,738.554,193.1087
2021-10-29,324.1300048828125,332.0,323.8999938964844,331.6199951171875,329.56378173828125,34766000,8320,1176,160,189.227,46.815,987.958,275.3318
2021-11-01,331.3599853515625,331.489990234375,326.3699951171875,329.3699951171875,327.3277587890625,27073200,3966,471,77,77.753,19.601,475.652,136.7264
2021-11-02,330.30999755859375,333.45001220703125,330.0,333.1300048828125,331.0644226074219,26487100,9796,1393,430,114.242,26.367,725.391,167.6369
2021-11-03,333.8999938964844,334.8999938964844,330.6499938964844,334.0,331.9290466308594,21500100,2907,373,61,85.885,20.681,486.439,131.3877
2021-11-04,332.8900146484375,336.5400085449219,329.510009765625,336.44000244140625,334.3539123535156,23992200,2440,378,43,72.348,20.767,459.888,115.9356
2021-11-05,338.510009765625,338.7900085449219,334.4200134277344,336.05999755859375,333.9762268066406,22570100,4385,681,78,75.789,18.921,344.289,99.7025
2021-11-08,337.29998779296875,337.6499938964844,334.44000244140625,336.989990234375,334.9004821777344,20897000,5140,1080,63,61.673,18.87,406.461,94.8305
2021-11-09,337.1099853515625,338.7200012207031,334.5299987792969,335.95001220703125,333.8669738769531,21307400,1893,248,39,60.444,17.833,317.723,85.3202
2021-11-10,334.57000732421875,334.6300048828125,329.9200134277344,330.79998779296875,328.7488708496094,25500900,2030,305,49,62.089,17.849,364.057,87.895
2021-11-11,331.25,333.7699890136719,330.510009765625,332.42999267578125,330.3687744140625,16849800,3988,525,84,68.176,18.846,360.989,96.8083
2021-11-12,333.9200134277344,337.2300109863281,333.7900085449219,336.7200012207031,334.6321716308594,23831000,2892,375,65,75.875,20.043,388.087,120.5644
2021-11-15,337.5400085449219,337.8800048828125,334.0299987792969,336.07000732421875,333.9862365722656,16723000,3238,461,63,75.015,18.515,373.47,118.1663
2021-11-16,335.67999267578125,340.6700134277344,335.510009765625,339.510009765625,337.4048767089844,20886800,3258,452,74,100.788,18.474,532.747,169.0098
2021-11-17,338.94000244140625,342.19000244140625,338.0,339.1199951171875,337.63385009765625,19053400,2137,362,68,77.946,18.555,536.494,129.8887
2021-11-18,338.17999267578125,342.45001220703125,337.1199951171875,341.2699890136719,339.7744140625,22463500,3528,579,100,88.052,26.807,484.147,132.2359
2021-11-19,342.6400146484375,345.1000061035156,342.20001220703125,343.1099853515625,341.60638427734375,21963400,2037,510,160,80.685,24.031,433.3,123.1554
2021-11-22,344.6199951171875,349.6700134277344,339.54998779296875,339.8299865722656,338.3407287597656,31031100,4776,694,84,90.036,33.194,468.777,120.1378
2021-11-23,337.04998779296875,339.45001220703125,333.55999755859375,337.67999267578125,336.2001647949219,30427600,3063,941,150,75.34,30.414,421.258,92.8718
2021-11-24,336.2799987792969,338.1600036621094,333.9100036621094,337.9100036621094,336.4291687011719,21661300,1988,407,56,63.328,15.231,348.441,97.9862
2021-11-26,334.3500061035156,337.92999267578125,328.1199951171875,329.67999267578125,328.2352294921875,24217200,3045,520,74,53.523,24.056,302.423,58.4452
2021-11-29,334.94000244140625,339.0299987792969,334.739990234375,336.6300048828125,335.15478515625,28563500,4142,643,97,82.579,18.327,456.104,118.5821
2021-11-30,335.32000732421875,337.7799987792969,328.989990234375,330.5899963378906,329.1412353515625,42885600,6991,1443,203,91.541,31.318,505.14,108.5354
2021-12-01,335.1300048828125,339.2799987792969,329.3900146484375,330.0799865722656,328.63348388671875,33337600,3096,612,93,88.789,32.186,563.033,109.6347
2021-12-02,330.29998779296875,333.489990234375,327.79998779296875,329.489990234375,328.0460510253906,30766000,2640,492,75,73.061,34.973,490.963,79.0559
2021-12-03,331.989990234375,332.70001220703125,318.0299987792969,323.010009765625,321.594482421875,41779300,3458,528,82,97.228,42.586,577.191,116.2687
2021-12-06,323.95001220703125,327.45001220703125,319.2300109863281,326.19000244140625,324.7605285644531,30032600,3876,496,85,70.974,23.255,450.77,93.0237
2021-12-07,331.6400146484375,335.79998779296875,330.1000061035156,334.9200134277344,333.4522705078125,31021900,3481,545,76,85.107,20.058,467.829,135.718
2021-12-08,335.30999755859375,335.5,330.79998779296875,334.9700012207031,333.5020446777344,24761000,3472,464,69,77.835,25.086,466.075,121.0715
2021-12-09,334.4100036621094,336.489990234375,332.1199951171875,333.1000061035156,331.6402282714844,22214200,5986,735,130,75.151,25.796,473.047,95.1695
2021-12-10,334.9800109863281,343.0,334.7900085449219,342.5400085449219,341.03887939453125,38095700,5475,664,129,163.229,47.882,815.884,208.7826
2021-12-13,340.67999267578125,343.7900085449219,339.0799865722656,339.3999938964844,337.9126281738281,28899400,2669,332,65,99.62,27.001,577.378,147.6123
2021-12-14,333.2200012207031,334.6400146484375,324.1099853515625,328.3399963378906,326.9010925292969,44438700,4100,497,105,117.738,49.956,759.308,129.047
2021-12-15,328.6099853515625,335.19000244140625,324.5,334.6499938964844,333.1834411621094,35381100,3276,420,90,98.874,33.296,559.822,137.7122
2021-12-16,335.7099914550781,336.760009765625,323.0199890136719,324.8999938964844,323.4761657714844,35034800,4508,564,77,84.649,34.196,509.167,108.3165
2021-12-17,320.8800048828125,324.9200134277344,317.25,323.79998779296875,322.3809814453125,47750300,3146,490,45,60.233,26.306,408.458,77.4389
2021-12-20,320.04998779296875,322.79998779296875,317.57000732421875,319.9100036621094,318.5080261230469,28326500,3185,534,65,65.882,30.303,472.825,72.8813
2021-12-21,323.2900085449219,327.7300109863281,319.79998779296875,327.2900085449219,325.855712890625,24740600,2007,447,46,85.641,18.836,476.533,125.6424
2021-12-22,328.29998779296875,333.6099853515625,325.75,333.20001220703125,331.7398376464844,24831500,4789,877,105,91.31,25.986,540.702,123.4307
2021-12-23,332.75,336.3900146484375,332.7300109863281,334.69000244140625,333.2232666015625,19617800,2153,449,48,71.253,25.375,460.369,88.9965
2021-12-27,335.4599914550781,342.4800109863281,335.42999267578125,342.45001220703125,340.94927978515625,19947000,4227,590,83,92.239,22.525,523.237,139.0563
2021-12-28,343.1499938964844,343.80999755859375,340.32000732421875,341.25,339.7545166015625,15661500,4012,705,82,78.651,22.19,488.162,127.1474
2021-12-29,341.29998779296875,344.29998779296875,339.67999267578125,341.95001220703125,340.45147705078125,15042000,3199,441,66,70.782,28.469,445.754,99.8534
2021-12-30,341.9100036621094,343.1300048828125,338.82000732421875,339.32000732421875,337.8330078125,15994500,3511,502,91,74.792,19.264,440.951,115.2651
2021-12-31,338.510009765625,339.3599853515625,335.8500061035156,336.32000732421875,334.8461608886719,18000800,5340,673,79,62.565,18.752,360.682,85.2756
2022-01-03,335.3500061035156,338.0,329.7799987792969,334.75,333.28302001953125,28865100,3613,511,104,87.99,25.627,512.389,117.2496
2022-01-04,334.8299865722656,335.20001220703125,326.1199951171875,329.010009765625,327.56817626953125,32674300,3501,470,85,95.421,30.632,592.942,136.1289
2022-01-05,325.8599853515625,326.07000732421875,315.9800109863281,316.3800048828125,314.9935302734375,40054300,3415,498,75,110.937,47.464,698.596,130.5233
2022-01-06,313.1499938964844,318.70001220703125,311.489990234375,313.8800048828125,312.5044860839844,39646100,2822,345,63,90.643,35.901,647.456,115.6447
2022-01-07,314.1499938964844,316.5,310.0899963378906,314.0400085449219,312.6637878417969,32720000,4658,577,77,97.148,31.376,576.483,129.7213
2022-01-10,309.489990234375,314.7200012207031,304.69000244140625,314.2699890136719,312.89276123046875,44289500,5173,687,140,115.02,47.302,712.685,146.9838
2022-01-11,313.3800048828125,316.6099853515625,309.8900146484375,314.9800109863281,313.59967041015625,29386800,5252,613,107,89.165,30.319,576.514,136.1553
2022-01-12,319.6700134277344,323.4100036621094,317.0799865722656,318.2699890136719,316.8752136230469,34372200,8729,1904,147,126.648,32.484,792.871,190.2242
2022-01-13,320.4700012207031,320.8800048828125,304.0,304.79998779296875,303.4642639160156,45366000,7024,1640,124,131.805,71.156,829.049,131.2974
2022-01-14,304.25,310.82000732421875,303.75,310.20001220703125,308.8406066894531,39846400,5501,1556,81,98.182,42.751,651.064,126.301
2022-01-18,304.07000732421875,309.79998779296875,301.739990234375,302.6499938964844,301.32366943359375,42333200,26418,3724,1515,419.305,139.604,2539.104,592.5891
2022-01-19,306.2900085449219,313.9100036621094,302.70001220703125,303.3299865722656,302.00067138671875,45933900,7279,1115,180,189.053,66.207,1182.743,274.446
2022-01-20,309.07000732421875,311.6499938964844,301.1400146484375,301.6000061035156,300.2782897949219,35380700,6760,1021,142,128.62,51.45,862.93,172.3855
2022-01-21,302.69000244140625,304.1099853515625,295.6099853515625,296.0299987792969,294.7326965332031,57984400,6536,1194,165,122.678,53.971,855.361,163.3359
2022-01-24,292.20001220703125,297.1099853515625,276.04998779296875,296.3699951171875,295.0711975097656,85731500,9760,1340,178,180.925,67.698,1181.376,231.7657
2022-01-25,291.5199890136719,294.989990234375,285.1700134277344,288.489990234375,287.2257385253906,72848600,54326,4782,1023,620.387,304.335,3741.275,650.0778
2022-01-26,307.989990234375,308.5,293.0299987792969,296.7099914550781,295.4096984863281,90428900,17159,2195,295,407.451,137.048,2364.516,533.7452
2022-01-27,302.6600036621094,307.29998779296875,297.92999267578125,299.8399963378906,298.5260009765625,53481300,6886,954,118,162.407,60.619,966.975,209.7396
2022-01-28,300.2300109863281,308.4800109863281,294.45001220703125,308.260009765625,306.90911865234375,49743700,4539,670,90,120.421,49.653,762.942,143.0601
2022-01-31,308.95001220703125,312.3800048828125,306.3699951171875,310.9800109863281,309.6171875,46444500,5460,1009,123,120.849,44.405,786.757,168.0956
2022-02-01,310.4100036621094,310.6300048828125,305.1300048828125,308.760009765625,307.40692138671875,40950400,5821,816,120,101.947,40.01,667.052,135.2227
2022-02-02,309.6300048828125,315.1199951171875,308.8800048828125,313.4599914550781,312.0863037109375,36636000,9275,1100,207,122.849,45.193,703.97,155.3434
2022-02-03,309.489990234375,311.2300109863281,299.9599914550781,301.25,299.9298095703125,43730000,12494,1826,266,133.044,65.725,805.226,137.2757
2022-02-04,300.2099914550781,308.79998779296875,299.9700012207031,305.94000244140625,304.5992736816406,35096500,3695,651,66,80.359,32.98,502.652,104.4696
2022-02-07,306.1700134277344,307.8399963378906,299.8999938964844,300.95001220703125,299.6311340332031,28533300,3614,525,70,72.513,32.372,476.116,88.6283
2022-02-08,301.25,305.55999755859375,299.95001220703125,304.55999755859375,303.2253112792969,32421200,6288,977,198,86.67,33.711,590.621,105.6912
2022-02-09,309.8699951171875,311.92999267578125,307.3900146484375,311.2099914550781,309.8461608886719,31284700,3719,451,110,102.842,32.339,625.827,146.7336
2022-02-10,304.0400085449219,309.1199951171875,300.70001220703125,302.3800048828125,301.0549011230469,45386200,4225,532,87,101.637,40.799,550.566,126.5421
2022-02-11,303.19000244140625,304.2900085449219,294.2200012207031,295.0400085449219,293.7470397949219,39175600,3527,407,102,77.833,40.341,478.832,86.0431
2022-02-14,293.7699890136719,296.760009765625,291.3500061035156,295.0,293.70721435546875,36359500,6256,1073,161,75.197,26.942,456.866,101.3096
2022-02-15,300.010009765625,300.79998779296875,297.0199890136719,300.4700012207031,299.15325927734375,27058300,5037,659,109,77.034,23.269,488.696,109.567
2022-02-16,298.3699951171875,300.8699951171875,293.67999267578125,299.5,298.8040466308594,29982100,2119,281,42,78.895,35.291,484.818,87.0074
2022-02-17,296.3599853515625,296.79998779296875,290.0,290.7300109863281,290.054443359375,32461600,2904,458,93,85.369,39.112,463.526,93.5289
2022-02-18,293.04998779296875,293.8599853515625,286.30999755859375,287.92999267578125,287.26092529296875,34264000,3824,682,94,73.124,34.626,434.257,91.5776
2022-02-22,285.0,291.5400085449219,284.5,287.7200012207031,287.0514221191406,41736100,2380,435,62,62.091,28.754,446.152,73.8376
2022-02-23,290.17999267578125,291.70001220703125,280.1000061035156,280.2699890136719,279.6187438964844,37811200,2532,477,79,77.563,46.754,499.689,74.1844
2022-02-24,272.510009765625,295.1600036621094,271.5199890136719,294.5899963378906,293.90545654296875,56989700,4189,687,92,91.133,41.629,536.23,96.3116
2022-02-25,295.1400146484375,297.6300048828125,291.6499938964844,297.30999755859375,296.619140625,32546700,2221,395,48,57.413,17.483,339.106,81.9074
2022-02-28,294.30999755859375,299.1400146484375,293.0,298.7900085449219,298.095703125,34627500,2515,515,61,67.146,22.502,400.355,90.7404
2022-03-01,296.3999938964844,299.9700012207031,292.1499938964844,294.95001220703125,294.2646484375,31217800,2415,492,35,57.447,24.572,350.984,56.1711
2022-03-02,295.3599853515625,301.4700012207031,293.70001220703125,300.19000244140625,299.4924621582031,31873000,3206,534,67,66.916,19.848,408.241,86.2176
2022-03-03,302.8900146484375,303.1300048828125,294.04998779296875,295.9200134277344,295.2323913574219,27314500,2274,508,55,71.33,29.513,409.164,81.3755
2022-03-04,294.2900085449219,295.6600036621094,287.1700134277344,289.8599853515625,289.1864318847656,32356500,2555,548,59,52.573,34.623,407.8,36.5972
2022-03-07,288.5299987792969,289.69000244140625,278.5299987792969,278.9100036621094,278.26190185546875,43157200,3621,598,61,75.619,37.944,462.441,74.9163
2022-03-08,277.79998779296875,283.9599914550781,270.0,275.8500061035156,275.2090148925781,48159500,3939,511,72,75.014,34.195,478.791,89.6043
2022-03-09,283.44000244140625,289.6000061035156,280.7799987792969,288.5,287.8296203613281,35204500,3837,617,62,68.628,23.236,417.134,91.2063
2022-03-10,283.0199890136719,286.6000061035156,280.5799865722656,285.5899963378906,284.9263610839844,30628000,3935,530,64,66.402,24.177,416.416,82.3758
2022-03-11,287.9599914550781,289.510009765625,279.42999267578125,280.07000732421875,279.4192199707031,27209300,3477,587,67,71.644,28.449,339.909,79.8069
2022-03-14,280.3399963378906,285.3999938964844,275.82000732421875,276.44000244140625,275.7976379394531,30660700,3388,524,61,67.104,29.759,374.128,81.9023
2022-03-15,280.3500061035156,287.82000732421875,278.7300109863281,287.1499938964844,286.4827575683594,34245100,3065,595,57,66.715,24.777,398.508,87.53880000000001
2022-03-16,289.1099853515625,294.57000732421875,283.20001220703125,294.3900146484375,293.7059326171875,37826300,2285,413,59,77.672,21.128,392.206,110.7653
2022-03-17,293.2900085449219,295.6099853515625,289.3699951171875,295.2200012207031,294.53399658203125,30816600,3822,544,78,64.522,23.591,385.894,83.04350000000001
2022-03-18,295.3699951171875,301.0,292.7300109863281,300.42999267578125,299.73187255859375,43390600,1738,292,35,59.628,14.328,319.049,92.5568
2022-03-21,298.8900146484375,300.1400146484375,294.8999938964844,299.1600036621094,298.46484375,28351200,2368,354,41,57.312,18.592,353.103,78.6276
2022-03-22,299.79998779296875,305.0,298.7699890136719,304.05999755859375,303.35345458984375,27599700,3195,414,45,76.174,23.124,448.703,111.6904
2022-03-23,300.510009765625,303.2300109863281,297.7200012207031,299.489990234375,298.7940673828125,25715400,1841,400,41,59.474,19.35,356.182,81.1559
2022-03-24,299.1400146484375,304.20001220703125,298.32000732421875,304.1000061035156,303.39337158203125,24484500,2277,386,44,66.151,18.214,364.639,95.0799
2022-03-25,305.2300109863281,305.5,299.2900085449219,303.67999267578125,302.9743347167969,22566500,2274,355,32,62.076,18.095,299.832,89.92960000000001
2022-03-28,304.3299865722656,310.79998779296875,304.3299865722656,310.70001220703125,309.9780578613281,29578200,6317,930,161,107.608,26.34,534.054,151.666
2022-03-29,313.9100036621094,315.82000732421875,309.04998779296875,315.4100036621094,314.6770935058594,30393400,4922,578,76,92.927,22.397,478.679,138.7889
2022-03-30,313.760009765625,315.95001220703125,311.5799865722656,313.8599853515625,313.13067626953125,28163600,3465,471,61,57.689,19.089,405.223,82.6587
2022-03-31,313.8999938964844,315.1400146484375,307.8900146484375,308.30999755859375,307.59356689453125,33422100,2595,387,53,59.856,26.364,416.782,69.7887
2022-04-01,309.3699951171875,310.1300048828125,305.5400085449219,309.4200134277344,308.7010192871094,27110500,2832,408,43,44.12,13.814,283.07,62.961
2022-04-04,310.0899963378906,315.1099853515625,309.7099914550781,314.9700012207031,314.23809814453125,24289600,2561,413,70,66.754,22.621,362.63,94.1232
2022-04-05,313.2699890136719,314.8699951171875,309.8699951171875,310.8800048828125,310.1576232910156,23156700,2666,409,61,65.068,20.089,384.846,87.4836
2022-04-06,305.19000244140625,307.0,296.7099914550781,299.5,298.8040466308594,40110400,2664,405,59,73.724,31.274,492.0,74.7218
2022-04-07,296.6600036621094,303.6499938964844,296.3500061035156,301.3699951171875,300.6697082519531,31411200,3319,453,62,73.206,24.024,386.776,90.1317
2022-04-08,300.44000244140625,301.1199951171875,296.2799987792969,296.9700012207031,296.2799377441406,24361900,2573,618,46,63.156,24.252,354.591,77.6159
2022-04-11,291.7900085449219,292.6099853515625,285.0,285.260009765625,284.59716796875,34569300,3170,272,68,88.667,40.897,562.44,92.2045
2022-04-12,289.239990234375,290.739990234375,280.489990234375,282.05999755859375,281.4045715332031,30966700,3334,449,63,73.241,31.877,437.887,70.1745
2022-04-13,282.7300109863281,288.5799865722656,281.29998779296875,287.6199951171875,286.95166015625,21907200,3163,500,67,76.664,26.958,473.382,112.6356
2022-04-14,288.0899963378906,288.30999755859375,279.32000732421875,279.8299865722656,279.17974853515625,28221600,2577,318,62,71.466,34.253,434.283,79.9004
2022-04-18,278.9100036621094,282.4599914550781,278.3399963378906,280.5199890136719,279.8681335449219,20778000,1391,205,39,65.616,24.262,350.128,74.4349
2022-04-19,279.3800048828125,286.1700134277344,278.4100036621094,285.29998779296875,284.6370544433594,22297700,2746,530,65,62.377,27.076,430.546,78.837
2022-04-20,289.3999938964844,289.70001220703125,285.3699951171875,286.3599853515625,285.694580078125,22906700,3292,406,56,58.635,27.958,426.408,73.8259
2022-04-21,288.5799865722656,293.29998779296875,280.05999755859375,280.80999755859375,280.157470703125,29454600,7362,943,152,83.522,38.13,531.345,89.975
2022-04-22,281.67999267578125,283.20001220703125,273.3800048828125,274.0299987792969,273.39324951171875,29405800,20383,2612,418,96.697,48.047,666.255,100.2265
2022-04-25,273.2900085449219,281.1099853515625,270.7699890136719,280.7200012207031,280.06768798828125,35678900,9099,1344,171,130.219,58.146,925.648,153.0027
2022-04-26,277.5,278.3599853515625,270.0,270.2200012207031,269.59210205078125,46518400,30288,3052,557,450.864,231.121,2829.023,436.7031
2022-04-27,282.1000061035156,290.9700012207031,279.1600036621094,283.2200012207031,282.5618896484375,63477700,11763,1362,208,278.101,110.006,1688.883,342.1877
2022-04-28,285.19000244140625,290.9800109863281,281.4599914550781,289.6300048828125,288.9570007324219,33646600,9531,1295,199,117.605,50.163,718.23,133.2391
2022-04-29,288.6099853515625,289.8800048828125,276.5,277.5199890136719,276.8751220703125,37073900,4000,519,78,83.73,37.979,517.282,99.6479
2022-05-02,277.7099914550781,284.94000244140625,276.2200012207031,284.4700012207031,283.8089904785156,35151100,8683,1309,251,82.393,27.502,460.098,109.2413
2022-05-03,283.9599914550781,284.1300048828125,280.1499938964844,281.7799987792969,281.125244140625,25978600,3645,525,61,62.541,25.254,395.208,88.8127
2022-05-04,282.5899963378906,290.8800048828125,276.7300109863281,289.9800109863281,289.3061828613281,33599300,3330,726,47,72.265,28.107,440.62,87.7095
2022-05-05,285.5400085449219,286.3500061035156,274.3399963378906,277.3500061035156,276.7055358886719,43260400,6699,1074,122,76.951,46.261,530.786,76.157
2022-05-06,274.80999755859375,279.25,271.2699890136719,274.7300109863281,274.09161376953125,37780300,3473,349,66,59.328,32.4,428.273,56.0995
2022-05-09,270.05999755859375,272.3599853515625,263.32000732421875,264.5799865722656,263.9651794433594,47726000,4675,593,90,102.463,61.32,682.212,84.6182
2022-05-10,271.69000244140625,273.75,265.07000732421875,269.5,268.873779296875,39336400,3882,727,110,77.351,38.818,513.834,86.6407
2022-05-11,265.67999267578125,271.3599853515625,259.29998779296875,260.54998779296875,259.9445495605469,48975900,7433,1262,234,88.611,52.081,606.313,76.9207
2022-05-12,257.69000244140625,259.8800048828125,250.02000427246097,255.3500061035156,254.75665283203125,51033800,4858,532,95,99.208,55.409,681.391,104.2735
2022-05-13,257.3500061035156,263.0400085449219,255.3500061035156,261.1199951171875,260.51324462890625,34925100,3059,369,66,64.829,28.736,425.445,86.8524
2022-05-16,259.9599914550781,265.82000732421875,255.77999877929688,261.5,260.8923645019531,32550900,3936,400,76,70.935,31.762,469.31,83.1113
2022-05-17,266.1099853515625,268.3299865722656,262.4599914550781,266.82000732421875,266.20001220703125,28828800,3502,521,45,61.528,21.91,363.559,80.357
2022-05-18,263.0,263.6000061035156,252.77000427246097,254.0800018310547,254.0800018310547,31356000,3052,439,59,81.847,41.559,534.596,90.5392
2022-05-19,253.8999938964844,257.6700134277344,251.8800048828125,253.13999938964844,253.13999938964844,32692300,6383,1187,176,73.855,32.435,437.712,85.2019
2022-05-20,257.239990234375,258.5400085449219,246.44000244140625,252.55999755859375,252.55999755859375,39199300,3833,535,76,77.347,29.914,465.745,89.8937
2022-05-23,255.4900054931641,261.5,253.42999267578125,260.6499938964844,260.6499938964844,33175400,2692,359,50,81.631,27.351,475.019,107.2904
2022-05-24,257.8900146484375,261.3299865722656,253.5,259.6199951171875,259.6199951171875,29043900,4325,535,85,83.022,32.203,487.779,87.1587
2022-05-25,258.1400146484375,264.5799865722656,257.1300048828125,262.5199890136719,262.5199890136719,28547900,3416,451,72,96.353,32.972,519.675,103.2236
2022-05-26,262.2699890136719,267.1099853515625,261.42999267578125,265.8999938964844,265.8999938964844,25002100,3531,402,79,75.048,26.123,459.826,87.7875
2022-05-27,268.4800109863281,273.3399963378906,267.55999755859375,273.239990234375,273.239990234375,26910800,4438,562,71,80.348,22.6,411.058,89.2139
2022-05-31,272.5299987792969,274.7699890136719,268.92999267578125,271.8699951171875,271.8699951171875,37827700,2394,379,52,71.897,19.608,408.494,93.6241
2022-06-01,275.20001220703125,277.69000244140625,270.0400085449219,272.4200134277344,272.4200134277344,25292200,2275,361,45,82.295,22.837,425.864,96.0006
2022-06-02,264.45001220703125,274.6499938964844,261.6000061035156,274.5799865722656,274.5799865722656,44008200,13085,1546,368,198.75,166.916,1358.328,97.0014
2022-06-03,270.30999755859375,273.45001220703125,268.4100036621094,270.0199890136719,270.0199890136719,28059000,2862,431,44,81.238,47.784,534.978,67.3455
2022-06-06,272.05999755859375,274.17999267578125,267.2200012207031,268.75,268.75,22400300,51244,10352,1573,83.967,33.891,515.138,94.1401
2022-06-07,266.6400146484375,273.1300048828125,265.94000244140625,272.5,272.5,22860700,4745,660,107,78.336,32.405,499.262,86.1734
2022-06-08,271.7099914550781,273.0,269.6099853515625,270.4100036621094,270.4100036621094,17372300,3468,579,71,72.83,30.092,476.072,81.8328
2022-06-09,267.7799987792969,272.7099914550781,264.6300048828125,264.7900085449219,264.7900085449219,26439700,4078,811,81,96.729,43.057,567.213,107.9647
2022-06-10,260.5799865722656,260.5799865722656,252.52999877929688,252.9900054931641,252.9900054931641,31422800,4165,823,99,85.81,41.017,536.179,89.4004
2022-06-13,245.11000061035156,249.02000427246097,241.52999877929688,242.2599945068359,242.2599945068359,46135800,5634,860,160,90.703,43.19,601.101,94.8944
2022-06-14,243.86000061035156,245.7400054931641,241.5099945068359,244.4900054931641,244.4900054931641,28651500,2331,360,52,79.19,35.074,457.738,83.0858
2022-06-15,248.30999755859375,255.3000030517578,246.4199981689453,251.7599945068359,251.7599945068359,33111700,4240,608,131,82.103,30.168,468.73,97.0839
2022-06-16,245.97999572753903,247.4199981689453,243.02000427246097,244.97000122070312,244.97000122070312,33169200,3430,554,87,72.402,36.953,467.639,78.3273
2022-06-17,244.6999969482422,250.5,244.02999877929688,247.6499938964844,247.6499938964844,43084800,1573,281,37,57.212,25.983,371.813,67.4626
2022-06-21,250.2599945068359,254.75,249.5099945068359,253.7400054931641,253.7400054931641,29928300,1215,272,42,76.497,30.656,435.852,90.6664
2022-06-22,251.88999938964844,257.1700134277344,250.3699951171875,253.1300048828125,253.1300048828125,25939900,1214,239,36,71.52,30.786,435.692,82.6155
2022-06-23,255.57000732421875,259.3699951171875,253.6300048828125,258.8599853515625,258.8599853515625,25861400,3369,489,47,80.635,39.046,490.316,88.4383
2022-06-24,261.80999755859375,267.9800109863281,261.7200012207031,267.70001220703125,267.70001220703125,33923200,1628,367,80,76.56,39.724,450.716,82.9096
2022-06-27,268.2099914550781,268.29998779296875,263.2799987792969,264.8900146484375,264.8900146484375,24615100,1964,349,61,59.054,26.634,308.319,65.9265
2022-06-28,263.9800109863281,266.9100036621094,256.32000732421875,256.4800109863281,256.4800109863281,27295500,2747,388,81,74.078,42.072,463.856,72.684
2022-06-29,257.5899963378906,261.9700012207031,255.7599945068359,260.260009765625,260.260009765625,20069800,3081,363,34,89.717,36.858,456.425,101.65
2022-06-30,257.04998779296875,259.5299987792969,252.8999938964844,256.8299865722656,256.8299865722656,31730900,2570,455,57,80.406,25.851,488.745,119.9771
2022-07-01,256.3900146484375,259.7699890136719,254.61000061035156,259.5799865722656,259.5799865722656,22825200,1769,291,32,55.288,24.43,310.277,52.44
